<?xml version="1.0" encoding="UTF-8"?>
<kml xmlns="http://www.opengis.net/kml/2.2"><Document>
<name>Gravel útvonalak – Bad Reichenhall</name>
<description>Generált nyomvonalak (saját gravel-router, OSM-adatok az Overture Maps-en keresztül, ODbL; magasság: SRTM). Október eleji tervezéshez.</description>
<Style id="konnyu"><LineStyle><color>ff3fa34a</color><width>4</width></LineStyle></Style>
<Style id="kozepes"><LineStyle><color>ff1c8de0</color><width>4</width></LineStyle></Style>
<Style id="nehez"><LineStyle><color>ff3c2bc8</color><width>4</width></LineStyle></Style>
<Style id="poi"><IconStyle><scale>0.8</scale></IconStyle></Style>
<Placemark><name>Alpenstadthotels (szálloda)</name><Point><coordinates>12.8835,47.7269</coordinates></Point></Placemark>
<Placemark><name>Thumsee–Listsee bemelegítő (19.6 km, 465 m)</name><description><![CDATA[<b>Thumsee–Listsee bemelegítő</b> – GENERÁLT NYOMVONAL<br/>Rövid, szállodából induló kör a két legközelebbi tóhoz. A Kugelbachweg erdei murvaútján jutsz fel a Thumsee-hez, a Seewirttől a Listsee felé csendes mellékúton és erdei utakon kanyarodsz vissza a Padinger Alm alatt. Ideális érkezésnapi tesztkörnek vagy esős nap utáni rövid gurulásnak.<br/><br/>Táv: 19.6 km · Szint: 465 m · Max: 670 m · Idő: ~1.8 ó<br/>Nehézség: könnyű · Értékelés: ★★★★☆<br/>Burkolat: aszfalt 55.9%, kemény murva 40.2%, laza/erdei 0.0%, ösvény 3.9%<br/>Indulás: Közvetlenül a szálloda elől indul | Autóval ~8 perc: Parkplatz Seewirt, Thumsee | Vonattal: Bad Reichenhall-Kirchberg (~3 perc Bad Reichenhall Hbf-ről)<br/>Október: A Thumsee körül októberben sok a gyalogos – lassíts a part menti szakaszon. A Padinger Alm október elején még általában nyitva, de hétköznap szünnap lehet.]]></description><styleUrl>#konnyu</styleUrl><LineString><tessellate>1</tessellate><coordinates>12.88384,47.7269,478 12.88437,47.72662,478 12.88435,47.72641,479 12.88387,47.72612,481 12.8838,47.72566,482 12.88319,47.725,481 12.88225,47.72454,476 12.88132,47.72493,474 12.88082,47.72441,472 12.88023,47.72441,470 12.87903,47.72332,472 12.87791,47.7224,474 12.87719,47.72264,475 12.87621,47.72143,474 12.8759,47.72098,474 12.87426,47.72149,472 12.87428,47.72178,472 12.87307,47.72199,472 12.87187,47.72278,472 12.87134,47.72367,470 12.87172,47.72366,471 12.87244,47.72322,471 12.87216,47.72343,471 12.87231,47.72353,471 12.87173,47.7239,470 12.87129,47.72367,470 12.87138,47.72311,470 12.8711,47.72263,470 12.86899,47.72279,469 12.8687,47.72279,469 12.86666,47.72264,469 12.86587,47.72255,469 12.86621,47.72196,470 12.86536,47.72155,469 12.86501,47.7217,469 12.86434,47.72058,467 12.86297,47.72108,468 12.86209,47.72041,469 12.86107,47.72027,469 12.86102,47.71957,469 12.85889,47.7192,471 12.85861,47.71914,471 12.85692,47.71917,469 12.85485,47.7189,472 12.85392,47.71876,473 12.85191,47.71904,477 12.85166,47.71906,479 12.85049,47.71989,488 12.85016,47.71925,499 12.85017,47.71834,522 12.851,47.71798,536 12.85195,47.71779,554 12.85287,47.71731,563 12.8526,47.71644,573 12.85101,47.71544,591 12.85074,47.71535,594 12.84867,47.71491,615 12.84665,47.71459,634 12.84482,47.71433,640 12.84685,47.71462,633 12.84893,47.71495,616 12.84893,47.71495,616 12.85042,47.71486,611 12.85218,47.71518,597 12.85369,47.71588,583 12.8547,47.71655,572 12.85365,47.71661,569 12.85282,47.71697,566 12.85287,47.71731,564 12.85225,47.71767,560 12.85012,47.71765,559 12.84934,47.71762,556 12.84857,47.71814,553 12.84732,47.71811,550 12.84695,47.71816,549 12.84676,47.71837,547 12.84577,47.71837,541 12.84489,47.71756,537 12.84306,47.71669,539 12.8429,47.71661,539 12.84268,47.71669,540 12.84277,47.717,541 12.84256,47.71718,542 12.84091,47.71721,542 12.83945,47.71701,538 12.83853,47.71717,535 12.83808,47.71702,534 12.83697,47.71734,535 12.83647,47.718,543 12.83528,47.71804,550 12.83527,47.71823,550 12.83324,47.71836,538 12.83164,47.71843,537 12.83087,47.71932,538 12.83116,47.71977,542 12.83247,47.72066,550 12.83199,47.72127,549 12.83204,47.72223,553 12.83055,47.72221,556 12.82919,47.72175,552 12.82808,47.72165,550 12.82624,47.7211,547 12.8254,47.72082,545 12.82463,47.72074,541 12.82285,47.71986,541 12.82178,47.7194,542 12.82261,47.719,540 12.82424,47.71969,532 12.8242,47.72,532 12.82482,47.72029,536 12.82429,47.72059,539 12.82448,47.72069,539 12.8254,47.72082,544 12.82729,47.72136,549 12.82808,47.72165,550 12.82919,47.72175,552 12.83043,47.72218,555 12.83263,47.72227,566 12.83463,47.72234,584 12.83669,47.72245,589 12.83847,47.72259,580 12.84037,47.72298,570 12.84107,47.7234,570 12.84142,47.72484,589 12.84156,47.72558,597 12.84134,47.72655,602 12.84138,47.72794,602 12.8414,47.72839,605 12.84102,47.72881,611 12.8408,47.72965,620 12.84106,47.73103,624 12.84117,47.73153,628 12.84077,47.73187,633 12.84029,47.73177,638 12.83853,47.73231,652 12.83636,47.73237,656 12.83624,47.73238,656 12.83425,47.73269,657 12.83412,47.73276,657 12.83405,47.73292,657 12.83546,47.73337,651 12.83566,47.73363,651 12.83551,47.73407,652 12.83453,47.73495,650 12.83467,47.73573,639 12.83517,47.73629,630 12.83603,47.73605,623 12.83803,47.7359,603 12.83884,47.73577,597 12.84053,47.73646,584 12.84229,47.73615,571 12.84353,47.7366,568 12.84542,47.73675,568 12.84672,47.73651,569 12.84742,47.73624,568 12.84881,47.73514,564 12.84906,47.73501,566 12.84959,47.73643,598 12.84973,47.73665,605 12.85093,47.73652,623 12.85221,47.73743,651 12.85273,47.7376,658 12.853,47.73804,664 12.85389,47.7385,666 12.85543,47.73833,663 12.85617,47.73857,660 12.85603,47.73869,660 12.85722,47.73865,660 12.85721,47.73888,660 12.85741,47.73889,662 12.85591,47.73938,670 12.8557,47.73932,669 12.85569,47.73905,668 12.85658,47.73826,654 12.85707,47.73804,649 12.85793,47.73802,643 12.85954,47.73838,633 12.86113,47.73924,616 12.86155,47.7395,609 12.86205,47.73947,606 12.86256,47.73918,603 12.86258,47.73903,601 12.8621,47.73885,599 12.86246,47.73853,595 12.86396,47.73864,577 12.86482,47.73887,569 12.86572,47.74012,555 12.86706,47.74044,545 12.86786,47.74036,543 12.86941,47.74067,541 12.87007,47.74055,535 12.87022,47.74047,533 12.86987,47.74022,526 12.86857,47.73953,507 12.86812,47.73894,499 12.86905,47.73765,476 12.8695,47.73712,473 12.8673,47.73686,472 12.86728,47.73686,472 12.86663,47.73708,473 12.8663,47.73702,473 12.86586,47.73662,473 12.86659,47.73549,466 12.8681,47.73443,474 12.86852,47.73413,474 12.86921,47.73325,471 12.86933,47.73331,470 12.86957,47.73268,468 12.87118,47.73185,468 12.87123,47.7318,468 12.87157,47.73112,467 12.8722,47.73048,465 12.87393,47.73122,467 12.87397,47.73124,467 12.87519,47.72998,469 12.87634,47.72882,470 12.8781,47.72789,470 12.87973,47.72706,471 12.88111,47.72633,470 12.88209,47.72703,469 12.88311,47.72749,471 12.88384,47.7269,472</coordinates></LineString></Placemark>
<Placemark><name>Frillensee–Falkensee–Listsee (52.9 km, 1305 m)</name><description><![CDATA[<b>Frillensee–Falkensee–Listsee</b> – GENERÁLT NYOMVONAL<br/>A környék klasszikus „hármas tó” köre. A Listsee után a Zwiesel lábánál erdei murvautakon kapaszkodsz fel a rejtett Frillensee-hez, majd Adlgaßon át a Falkensee lápos medencéjéhez gurulsz Inzell szélén. Visszafelé a Weißbach völgyén és a Thumsee-n át érsz haza. Sok árnyékos erdő, kevés forgalom.<br/><br/>Táv: 52.9 km · Szint: 1305 m · Max: 965 m · Idő: ~4.9 ó<br/>Nehézség: nehéz · Értékelés: ★★★★★<br/>Burkolat: aszfalt 29.9%, kemény murva 67.7%, laza/erdei 0.0%, ösvény 2.4%<br/>Indulás: Közvetlenül a szálloda elől indul | Autóval ~8 perc: Parkplatz Seewirt, Thumsee | Vonattal: Bad Reichenhall-Kirchberg (~3 perc Bad Reichenhall Hbf-ről)<br/>Október: A Frillensee 950 m körül van: hideg reggeleken deres, csúszós lehet az erdei út. Forsthaus Adlgaß – októberben rövidített nyitvatartás, ne erre építs ebédet.]]></description><styleUrl>#nehez</styleUrl><LineString><tessellate>1</tessellate><coordinates>12.88384,47.7269,472 12.88311,47.72749,470 12.88209,47.72703,470 12.88111,47.72633,470 12.87932,47.72726,472 12.87768,47.72811,470 12.87634,47.72882,470 12.87515,47.73001,469 12.87405,47.73116,467 12.87397,47.73124,467 12.8722,47.73048,465 12.87157,47.73112,467 12.87123,47.7318,468 12.86966,47.73263,467 12.86957,47.73268,468 12.86933,47.73331,470 12.86921,47.73325,471 12.86852,47.73413,474 12.86711,47.73512,468 12.86659,47.73549,466 12.86589,47.73652,469 12.86584,47.73604,471 12.86467,47.73479,471 12.86358,47.73355,482 12.86347,47.73341,484 12.86269,47.73329,485 12.86237,47.73332,485 12.8618,47.73383,485 12.86107,47.73417,486 12.85984,47.73437,495 12.85872,47.73491,507 12.85743,47.73509,511 12.85624,47.73487,520 12.85419,47.73483,535 12.85245,47.73473,541 12.85128,47.73507,547 12.85057,47.73511,551 12.84968,47.73486,557 12.84881,47.73514,560 12.84745,47.73622,568 12.84742,47.73624,568 12.84557,47.73673,569 12.84353,47.7366,568 12.84229,47.73615,571 12.84053,47.73646,584 12.83884,47.73577,597 12.83685,47.73603,615 12.83603,47.73605,623 12.83517,47.73629,630 12.83467,47.73573,639 12.83453,47.73495,650 12.83551,47.73407,652 12.83562,47.73354,651 12.83546,47.73337,651 12.83363,47.7328,661 12.83255,47.73235,669 12.8304,47.73228,679 12.83025,47.73227,681 12.82852,47.73251,684 12.82759,47.73244,685 12.82569,47.73168,696 12.82395,47.73086,719 12.82375,47.73078,720 12.82256,47.73107,735 12.82225,47.73128,741 12.82132,47.73122,751 12.82132,47.73079,755 12.82095,47.7307,758 12.81955,47.73101,775 12.81827,47.73069,791 12.81804,47.73125,796 12.81714,47.73194,805 12.81572,47.73286,818 12.81442,47.7335,827 12.81499,47.73373,828 12.81631,47.73336,831 12.81756,47.73367,843 12.81889,47.73446,860 12.81948,47.73515,869 12.82021,47.7356,877 12.82022,47.73644,892 12.81947,47.73685,903 12.81911,47.73753,914 12.81798,47.73801,924 12.81725,47.73763,927 12.81509,47.73735,937 12.81436,47.73723,944 12.81362,47.73756,947 12.81358,47.73775,948 12.81485,47.73875,956 12.81491,47.73926,957 12.81452,47.73956,961 12.81504,47.74017,964 12.81488,47.74038,965 12.81408,47.74025,961 12.81195,47.74027,946 12.81183,47.74029,945 12.81272,47.73985,937 12.81091,47.73909,914 12.81075,47.73905,912 12.80983,47.73833,895 12.8092,47.73815,891 12.80843,47.7382,889 12.80775,47.73779,889 12.80585,47.73727,882 12.80482,47.73704,880 12.80458,47.73712,880 12.80463,47.73848,894 12.80428,47.73903,896 12.80402,47.73914,896 12.80272,47.73873,892 12.80199,47.7383,888 12.79985,47.73796,882 12.79985,47.73796,882 12.79785,47.73785,876 12.79707,47.73779,874 12.79605,47.73749,873 12.79403,47.7377,867 12.79362,47.73774,866 12.79302,47.7383,866 12.7927,47.73836,866 12.79277,47.73709,853 12.79227,47.73688,848 12.79126,47.7359,847 12.79054,47.73575,847 12.79053,47.73513,846 12.79019,47.73479,840 12.79032,47.73441,833 12.79001,47.73412,829 12.79007,47.7338,823 12.78936,47.73324,818 12.78848,47.73326,814 12.78762,47.73263,810 12.78746,47.73201,803 12.7878,47.73131,795 12.78758,47.73101,790 12.78612,47.73041,774 12.78555,47.7303,772 12.78506,47.73044,770 12.78405,47.7293,757 12.78351,47.72919,756 12.78206,47.7282,756 12.78083,47.72744,762 12.77867,47.72727,773 12.77861,47.72727,774 12.77817,47.7274,778 12.77754,47.72792,783 12.77607,47.72744,795 12.77527,47.72786,797 12.77444,47.72782,802 12.7727,47.72823,799 12.77052,47.72833,778 12.77028,47.72832,777 12.76997,47.72872,775 12.76907,47.72891,771 12.76854,47.72866,765 12.76735,47.72854,748 12.76563,47.72792,717 12.76498,47.7281,712 12.76426,47.72806,708 12.76388,47.72823,704 12.76171,47.72838,684 12.76088,47.72853,676 12.75921,47.72835,665 12.75786,47.72922,673 12.75727,47.73013,688 12.75869,47.72971,711 12.7583,47.73037,719 12.75684,47.73132,734 12.75608,47.73172,734 12.75633,47.73223,734 12.7562,47.73325,742 12.75658,47.73426,746 12.7571,47.73496,740 12.75687,47.73576,738 12.75714,47.73702,735 12.75687,47.73817,731 12.75707,47.73873,732 12.75809,47.73965,733 12.758,47.74053,731 12.7594,47.74159,731 12.75953,47.7417,731 12.76059,47.74289,726 12.76186,47.74398,726 12.7623,47.74451,722 12.76346,47.7453,719 12.76422,47.74673,718 12.76477,47.74814,720 12.76509,47.7489,720 12.76589,47.7503,719 12.76649,47.75136,717 12.76788,47.75245,721 12.76873,47.75311,719 12.76939,47.75319,718 12.77034,47.75285,717 12.77148,47.75314,718 12.77218,47.75371,718 12.77296,47.75508,715 12.77301,47.75556,714 12.77395,47.75657,714 12.77422,47.75671,716 12.77546,47.75654,724 12.77564,47.75663,726 12.7762,47.75792,740 12.77625,47.7582,744 12.77705,47.75855,748 12.77776,47.75981,757 12.77813,47.76058,763 12.77881,47.76134,769 12.77906,47.76239,776 12.77982,47.76371,781 12.77988,47.76379,781 12.78131,47.76484,790 12.78219,47.76519,794 12.78354,47.76621,807 12.78362,47.76638,808 12.78488,47.767,812 12.78569,47.76683,814 12.78633,47.76725,816 12.78675,47.76721,816 12.78678,47.76747,817 12.78773,47.76807,826 12.78847,47.76916,839 12.78926,47.76861,844 12.78926,47.7678,848 12.78962,47.76779,849 12.79076,47.76798,852 12.79168,47.76792,853 12.79324,47.76839,855 12.79321,47.76874,855 12.79349,47.76896,855 12.79523,47.76943,859 12.79718,47.76934,877 12.79903,47.76907,883 12.79952,47.76925,881 12.80129,47.76933,869 12.80166,47.77041,849 12.80136,47.77101,849 12.80155,47.77138,850 12.80253,47.77176,864 12.80398,47.772,883 12.80457,47.77195,885 12.80488,47.77232,889 12.80494,47.77304,895 12.80405,47.77404,900 12.80495,47.77454,903 12.80563,47.77445,905 12.80731,47.77466,911 12.80795,47.77454,912 12.80806,47.77502,914 12.80827,47.77511,914 12.80887,47.7747,917 12.80971,47.77336,933 12.81014,47.77308,935 12.81102,47.7729,936 12.81161,47.77251,937 12.812,47.77141,936 12.81291,47.77046,937 12.81332,47.76906,940 12.81349,47.76875,941 12.81465,47.76759,943 12.81547,47.76631,942 12.81561,47.76612,941 12.81573,47.76565,937 12.81608,47.76529,935 12.81635,47.76535,935 12.81608,47.76529,935 12.81673,47.76463,938 12.8176,47.76437,941 12.81847,47.76451,940 12.81936,47.76572,938 12.81937,47.76577,938 12.8178,47.76677,943 12.81669,47.76763,940 12.81591,47.76893,944 12.81517,47.77025,940 12.81508,47.7704,939 12.81441,47.77094,940 12.81464,47.772,943 12.81507,47.7724,945 12.81694,47.77308,954 12.81718,47.77326,954 12.81733,47.7747,953 12.81733,47.77474,953 12.81712,47.77546,952 12.81573,47.77633,935 12.81511,47.77713,925 12.81337,47.77748,914 12.81158,47.77836,905 12.8109,47.7787,904 12.80993,47.77879,902 12.80775,47.77869,895 12.80704,47.77866,890 12.80483,47.77839,873 12.80481,47.77839,873 12.8028,47.77784,855 12.801,47.7773,840 12.80003,47.7767,829 12.7991,47.77666,822 12.79793,47.77549,813 12.79689,47.7743,799 12.7963,47.77379,799 12.79749,47.77392,803 12.79793,47.77441,804 12.79839,47.77438,804 12.79803,47.77446,804 12.79749,47.77392,803 12.7963,47.77379,799 12.79532,47.77344,798 12.79567,47.7729,799 12.79538,47.77263,800 12.79341,47.77231,797 12.79299,47.77229,796 12.7911,47.77164,793 12.7908,47.77149,793 12.79034,47.77161,793 12.78971,47.77134,792 12.78766,47.77119,793 12.78587,47.77152,786 12.7853,47.77145,783 12.78483,47.77008,772 12.78447,47.76929,768 12.78448,47.76887,767 12.78418,47.76851,764 12.78312,47.76821,760 12.78212,47.76832,757 12.78078,47.768,760 12.7803,47.76837,760 12.77966,47.76846,758 12.77766,47.76799,743 12.77656,47.76784,736 12.7745,47.76835,727 12.7742,47.76839,726 12.77219,47.76825,724 12.77004,47.76816,718 12.76974,47.76817,717 12.77001,47.76737,718 12.76958,47.76594,718 12.76954,47.76563,718 12.76857,47.76554,716 12.76786,47.76512,711 12.76687,47.76482,707 12.76784,47.76372,702 12.76854,47.76239,702 12.76937,47.761,705 12.77016,47.75977,703 12.77055,47.759,706 12.77143,47.75824,712 12.77159,47.7573,714 12.77142,47.757,715 12.77032,47.75624,719 12.76815,47.75595,720 12.76668,47.7557,720 12.76718,47.75456,721 12.76689,47.75373,722 12.76706,47.7531,722 12.76685,47.75267,722 12.7677,47.75232,721 12.76636,47.7512,717 12.76627,47.75108,717 12.76563,47.74979,720 12.76496,47.74852,713 12.76494,47.74845,712 12.76567,47.7483,712 12.76494,47.74845,713 12.76432,47.74713,720 12.7638,47.74597,719 12.76437,47.74531,722 12.76423,47.74473,725 12.76443,47.74339,736 12.76438,47.74301,741 12.76306,47.74189,751 12.76184,47.74083,743 12.76158,47.74064,742 12.76066,47.74073,736 12.75907,47.74023,726 12.75872,47.74065,726 12.75828,47.7407,727 12.758,47.74053,728 12.75842,47.73994,732 12.75717,47.73881,732 12.75707,47.73873,732 12.75687,47.73817,731 12.75714,47.73702,735 12.75687,47.73576,738 12.7571,47.73496,740 12.75651,47.7341,745 12.75621,47.73274,733 12.75608,47.73216,724 12.75523,47.73124,702 12.75676,47.73063,696 12.75774,47.72944,675 12.75786,47.72922,672 12.75889,47.72851,661 12.75847,47.72852,657 12.75774,47.72886,647 12.75721,47.72883,645 12.75782,47.7286,642 12.75881,47.72777,639 12.76036,47.72689,636 12.76057,47.72584,632 12.76032,47.72581,631 12.76039,47.72569,631 12.76178,47.7247,631 12.76253,47.72435,630 12.76256,47.72404,629 12.7623,47.72376,629 12.76353,47.72259,627 12.76405,47.72201,626 12.76566,47.72105,619 12.76727,47.72019,616 12.7675,47.72007,616 12.76829,47.71944,613 12.76982,47.71916,612 12.77119,47.71852,612 12.77239,47.71757,608 12.7735,47.71635,606 12.77355,47.71632,606 12.77435,47.71593,606 12.77466,47.71611,606 12.77551,47.71548,606 12.77653,47.71423,608 12.77693,47.71354,609 12.77764,47.71322,607 12.77949,47.71297,604 12.78042,47.7123,604 12.78158,47.71196,608 12.78356,47.71174,618 12.78359,47.71174,618 12.78419,47.71151,622 12.7845,47.71151,625 12.78424,47.71173,626 12.78555,47.71173,630 12.7863,47.71245,636 12.78664,47.71238,637 12.78679,47.71198,637 12.78757,47.71199,634 12.7895,47.71158,642 12.79109,47.7117,644 12.7916,47.71276,656 12.79169,47.71375,676 12.79207,47.7144,685 12.79337,47.71431,691 12.79464,47.71522,697 12.79601,47.71575,694 12.79657,47.71582,694 12.79774,47.71653,700 12.799,47.71672,707 12.80033,47.71729,716 12.80076,47.71706,718 12.80197,47.71759,722 12.8022,47.71815,724 12.80329,47.71942,732 12.80329,47.71942,732 12.8046,47.72023,744 12.80564,47.72146,758 12.8068,47.72271,761 12.80719,47.72322,769 12.80776,47.72363,770 12.808,47.7247,765 12.80979,47.72546,781 12.81093,47.72605,798 12.81312,47.72616,828 12.81359,47.72616,833 12.81368,47.7266,835 12.81391,47.7267,836 12.81441,47.72616,841 12.8154,47.72607,850 12.81635,47.72619,864 12.81723,47.72593,876 12.818,47.72597,880 12.81824,47.72567,882 12.81905,47.72601,882 12.82,47.72602,877 12.82076,47.72643,869 12.82152,47.72627,861 12.82191,47.72637,857 12.82199,47.72664,852 12.82328,47.72699,831 12.82374,47.72694,825 12.82431,47.72664,816 12.82523,47.72707,812 12.82616,47.72705,809 12.82706,47.72728,808 12.82805,47.72709,795 12.82846,47.72634,778 12.82957,47.72639,764 12.82879,47.72599,754 12.82862,47.72566,741 12.82867,47.72484,717 12.82914,47.72454,701 12.82918,47.72395,684 12.83123,47.72372,651 12.83228,47.72355,634 12.8342,47.72309,607 12.83467,47.72295,602 12.83589,47.72239,591 12.83382,47.72239,576 12.83177,47.72224,561 12.83055,47.72221,556 12.82919,47.72175,552 12.82808,47.72165,550 12.82624,47.7211,547 12.8254,47.72082,545 12.82448,47.72069,541 12.82285,47.71986,541 12.82178,47.7194,542 12.8219,47.71924,543 12.82126,47.71912,543 12.82067,47.71877,543 12.81995,47.71777,539 12.81844,47.71679,539 12.81841,47.71674,540 12.81844,47.71646,540 12.81894,47.71605,540 12.82052,47.7167,544 12.82256,47.71728,543 12.82453,47.71779,544 12.82571,47.71814,545 12.82774,47.7179,544 12.82938,47.71773,543 12.83136,47.71831,538 12.83185,47.71843,537 12.83399,47.7183,544 12.83605,47.71826,542 12.83659,47.71825,535 12.83862,47.71774,520 12.83894,47.71771,520 12.84107,47.71776,527 12.84128,47.71779,526 12.84332,47.71842,510 12.84474,47.71871,500 12.84569,47.71962,490 12.84618,47.71985,488 12.84833,47.72016,482 12.85005,47.72043,473 12.8521,47.72028,467 12.85354,47.72021,466 12.85474,47.71969,468 12.85684,47.71987,467 12.85798,47.71994,467 12.85878,47.71965,469 12.85914,47.71926,471 12.86051,47.71954,470 12.86254,47.71958,467 12.86465,47.71965,472 12.86492,47.71966,473 12.86626,47.71986,473 12.86759,47.71925,471 12.86959,47.71863,471 12.87077,47.71816,471 12.8712,47.71817,471 12.87299,47.71879,472 12.87321,47.7187,472 12.87399,47.71886,473 12.87404,47.71901,473 12.87491,47.71907,474 12.87559,47.72044,474 12.8759,47.72098,474 12.87687,47.72231,474 12.87719,47.72264,475 12.87791,47.7224,474 12.87919,47.72346,471 12.88023,47.72441,471 12.88082,47.72441,472 12.88132,47.72493,474 12.88225,47.72454,476 12.88319,47.725,481 12.8838,47.72566,482 12.88387,47.72612,481 12.88435,47.72641,479 12.88437,47.72662,478 12.88384,47.7269,478</coordinates></LineString></Placemark>
<Placemark><name>Stoißer Alm–Frillensee (55.1 km, 1435 m)</name><description><![CDATA[<b>Stoißer Alm–Frillensee</b> – GENERÁLT NYOMVONAL<br/>Panorámás, erős félnapos kör a Teisenberg és a Hochstaufen között. Pidingen és Angeren át a Stoißberg falvain kapaszkodsz fel a Stoißer Almig (kilátás a Rupertiwinkelre és a Chiemgaura), majd erdei utakon Adlgaß és a Frillensee felé ereszkedsz, és a Thumsee-n át zárod a kört.<br/><br/>Táv: 55.1 km · Szint: 1435 m · Max: 1282 m · Idő: ~5.2 ó<br/>Nehézség: nehéz · Értékelés: ★★★★★<br/>Burkolat: aszfalt 40.1%, kemény murva 58.2%, laza/erdei 0.2%, ösvény 1.6%<br/>Indulás: Közvetlenül a szálloda elől indul | Autóval ~12 perc: Anger, Scheiterparkplatz | Vonattal: Piding (~6 perc Bad Reichenhall Hbf-ről)<br/>Október: A Stoißer Alm (≈1270 m) felett már lehet hó vagy jég – ellenőrizd az előrejelzést. Hosszú, hűvös lejtő Adlgaß felé: vigyél széldzsekit és hosszú ujjú kesztyűt.]]></description><styleUrl>#nehez</styleUrl><LineString><tessellate>1</tessellate><coordinates>12.88384,47.7269,472 12.88311,47.72749,471 12.88394,47.72772,471 12.88465,47.7287,469 12.88606,47.72973,468 12.88728,47.73071,466 12.8879,47.7317,465 12.88899,47.73286,463 12.8898,47.73392,464 12.8905,47.73518,463 12.89072,47.73556,462 12.89139,47.73623,461 12.88993,47.73717,462 12.8898,47.73724,462 12.8907,47.73798,461 12.88915,47.73896,460 12.88912,47.73899,460 12.89077,47.73974,459 12.8915,47.74003,459 12.89259,47.7408,460 12.89435,47.74174,460 12.89549,47.74227,459 12.89619,47.74363,458 12.89671,47.74455,459 12.89821,47.74558,458 12.90007,47.7463,458 12.90082,47.74653,458 12.89994,47.7476,458 12.90078,47.74854,460 12.90143,47.7482,456 12.90219,47.74862,453 12.9027,47.74944,456 12.90373,47.75021,456 12.90448,47.75045,455 12.90453,47.75088,456 12.90589,47.75197,455 12.90598,47.75204,454 12.9066,47.75269,453 12.9065,47.75281,453 12.90786,47.75393,453 12.90922,47.75506,452 12.91025,47.75592,452 12.90869,47.7569,451 12.90833,47.75711,451 12.90974,47.7582,451 12.91096,47.75919,452 12.91109,47.75968,451 12.91138,47.75982,451 12.91158,47.75971,451 12.91071,47.76005,451 12.91157,47.76068,451 12.91256,47.76198,450 12.91269,47.76218,450 12.91328,47.76362,450 12.91336,47.76406,450 12.913,47.7645,450 12.91106,47.76519,449 12.91076,47.76527,449 12.9109,47.76555,450 12.91069,47.76696,451 12.91064,47.76729,451 12.9096,47.76774,452 12.90995,47.76824,454 12.90982,47.76836,454 12.90825,47.76834,455 12.908,47.76803,455 12.90719,47.76821,455 12.90647,47.76797,455 12.90597,47.76806,455 12.90564,47.76778,455 12.90528,47.76773,455 12.90321,47.76825,456 12.90108,47.76869,456 12.89905,47.76913,457 12.89705,47.76948,458 12.89679,47.76958,458 12.89535,47.77055,459 12.89392,47.77157,460 12.89391,47.77157,460 12.89224,47.7723,461 12.8919,47.77246,461 12.89103,47.773,462 12.88973,47.77412,463 12.88895,47.7748,463 12.88819,47.77619,465 12.88779,47.77698,465 12.88697,47.77737,465 12.88581,47.77865,468 12.88562,47.77887,468 12.8838,47.77962,471 12.8819,47.78041,473 12.88011,47.78115,473 12.87964,47.78136,474 12.87803,47.78233,476 12.87769,47.7826,477 12.87698,47.78273,477 12.87608,47.78408,482 12.87541,47.78511,484 12.87514,47.78581,486 12.87416,47.78602,488 12.87314,47.78571,489 12.87345,47.78603,490 12.8723,47.78714,489 12.87229,47.78715,489 12.87215,47.78764,489 12.87115,47.78851,489 12.87071,47.78868,490 12.86992,47.78855,491 12.86968,47.78932,493 12.86835,47.79042,496 12.86833,47.79044,496 12.86771,47.79185,498 12.86735,47.79261,499 12.86598,47.79376,503 12.86474,47.79488,508 12.86345,47.79607,512 12.86339,47.79613,512 12.86275,47.79733,516 12.86163,47.79818,519 12.86119,47.79885,522 12.86016,47.7998,528 12.85886,47.80083,532 12.85882,47.80089,532 12.85748,47.80132,535 12.85842,47.80195,542 12.85782,47.80191,547 12.85698,47.80224,550 12.85668,47.80295,553 12.85556,47.8041,554 12.85547,47.80419,554 12.85446,47.80469,555 12.85305,47.80483,555 12.85197,47.80543,558 12.85045,47.80566,562 12.84902,47.8066,567 12.84775,47.80762,574 12.84729,47.80772,575 12.84528,47.8075,584 12.84483,47.80748,585 12.84357,47.80759,588 12.84165,47.80691,594 12.84061,47.80656,596 12.83857,47.80613,606 12.83685,47.80568,618 12.83531,47.80581,636 12.83471,47.80606,642 12.83417,47.8054,647 12.83307,47.80543,656 12.83251,47.80529,663 12.83105,47.80426,678 12.83058,47.80399,681 12.82963,47.80384,685 12.82809,47.80394,699 12.82713,47.80354,713 12.82579,47.80341,721 12.82402,47.8027,735 12.82398,47.80269,736 12.82233,47.80244,753 12.82221,47.80276,758 12.82294,47.80313,763 12.82304,47.80335,766 12.82229,47.80357,773 12.82195,47.80397,782 12.82213,47.80506,796 12.82184,47.80553,804 12.82059,47.80475,819 12.82017,47.80374,823 12.8194,47.80311,827 12.81801,47.80274,843 12.81748,47.80317,846 12.81766,47.80407,848 12.81719,47.80389,847 12.81676,47.80339,846 12.81541,47.80247,851 12.81453,47.80262,854 12.81382,47.80363,860 12.81373,47.80402,864 12.81397,47.80435,867 12.81363,47.80474,872 12.81353,47.80524,878 12.81366,47.80613,882 12.81341,47.80645,884 12.81269,47.80679,887 12.81223,47.80623,891 12.81196,47.80617,893 12.81047,47.80636,909 12.80979,47.80622,917 12.80844,47.80516,925 12.80841,47.80512,925 12.80712,47.80491,925 12.80655,47.80443,929 12.80569,47.80425,933 12.80435,47.80363,942 12.803,47.80347,945 12.8024,47.80311,947 12.80131,47.80278,951 12.79985,47.80188,966 12.79885,47.80178,969 12.79748,47.80117,966 12.79686,47.80128,965 12.79545,47.80121,967 12.79429,47.80065,970 12.79334,47.80045,976 12.79118,47.8004,998 12.7897,47.80035,1004 12.78809,47.80114,1018 12.78777,47.80124,1021 12.78624,47.8014,1037 12.78581,47.80123,1043 12.78547,47.80078,1047 12.78486,47.80076,1051 12.78347,47.80172,1074 12.78286,47.80191,1082 12.78189,47.80277,1108 12.7808,47.80288,1117 12.77998,47.80322,1126 12.77938,47.80384,1139 12.77954,47.80432,1147 12.77939,47.80454,1150 12.77866,47.8049,1159 12.77806,47.80492,1162 12.77742,47.8052,1166 12.77557,47.80469,1186 12.77384,47.80464,1206 12.77346,47.8045,1210 12.77336,47.80414,1214 12.77379,47.80375,1220 12.77436,47.80248,1228 12.7743,47.80246,1228 12.77377,47.80261,1229 12.77221,47.8035,1256 12.772,47.80373,1260 12.77122,47.80366,1265 12.77063,47.80394,1271 12.76852,47.80406,1283 12.76795,47.80396,1282 12.7663,47.80309,1273 12.76553,47.80268,1272 12.76534,47.80236,1272 12.76566,47.8013,1272 12.76548,47.79993,1264 12.76549,47.79969,1263 12.76602,47.7995,1262 12.76731,47.79858,1255 12.76931,47.79801,1237 12.77126,47.7975,1225 12.7718,47.79697,1222 12.77181,47.79671,1221 12.77102,47.79576,1220 12.77106,47.7955,1219 12.77244,47.79459,1206 12.77223,47.79391,1201 12.77274,47.79349,1202 12.77206,47.7929,1206 12.77036,47.79219,1223 12.77024,47.79211,1224 12.77008,47.79183,1226 12.77031,47.79154,1226 12.77242,47.79149,1221 12.77419,47.79129,1211 12.77616,47.79082,1202 12.77813,47.79043,1192 12.77942,47.79029,1187 12.78018,47.79036,1184 12.78158,47.78994,1177 12.7819,47.78993,1175 12.78271,47.79036,1167 12.78494,47.79027,1150 12.78526,47.79027,1148 12.7854,47.79001,1146 12.78507,47.78966,1142 12.78415,47.78921,1134 12.78373,47.78785,1115 12.78369,47.78777,1113 12.78392,47.78681,1104 12.78443,47.78605,1097 12.78558,47.78516,1087 12.78511,47.78425,1080 12.78561,47.78362,1077 12.78398,47.78297,1073 12.78544,47.78299,1065 12.78741,47.78272,1049 12.7885,47.78267,1036 12.78947,47.78272,1027 12.79124,47.78313,1013 12.79138,47.78286,1010 12.79061,47.78153,987 12.79043,47.7811,979 12.7915,47.78077,965 12.79338,47.78063,944 12.79533,47.78032,927 12.79559,47.78027,921 12.79703,47.77967,899 12.79712,47.77943,895 12.79665,47.77857,884 12.79533,47.77757,867 12.79493,47.77636,847 12.79323,47.77565,825 12.79315,47.77557,823 12.79396,47.77423,809 12.79409,47.77385,803 12.79399,47.77346,796 12.79342,47.77283,791 12.79532,47.77344,796 12.7963,47.77379,799 12.79749,47.77392,803 12.79793,47.77441,805 12.79839,47.77438,806 12.79803,47.77446,808 12.79843,47.77472,809 12.80011,47.77386,819 12.80113,47.77341,830 12.80312,47.77319,857 12.80377,47.77301,865 12.80457,47.77195,887 12.80495,47.77249,891 12.80497,47.77294,895 12.80405,47.77404,900 12.80495,47.77454,903 12.80563,47.77445,905 12.80731,47.77466,911 12.80795,47.77454,912 12.80806,47.77502,914 12.80832,47.77509,915 12.80893,47.77463,918 12.80971,47.77336,933 12.81014,47.77308,935 12.81102,47.7729,936 12.81161,47.77251,937 12.812,47.77141,936 12.81291,47.77046,937 12.81332,47.76906,940 12.81349,47.76875,941 12.81465,47.76759,943 12.81505,47.76705,943 12.81566,47.76578,938 12.81573,47.76565,937 12.81608,47.76529,935 12.81635,47.76535,935 12.81608,47.76529,935 12.81712,47.76446,940 12.81769,47.76437,941 12.81847,47.76451,940 12.81936,47.76572,938 12.81937,47.76577,938 12.8178,47.76677,943 12.81659,47.76774,940 12.81585,47.76906,944 12.81556,47.76967,942 12.81508,47.7704,939 12.81448,47.7708,940 12.81438,47.77122,941 12.81464,47.772,943 12.81507,47.7724,945 12.81694,47.77308,954 12.81718,47.77326,954 12.81733,47.7747,953 12.81733,47.77474,953 12.81712,47.77546,955 12.81857,47.77494,955 12.82066,47.77499,960 12.82124,47.77499,964 12.82191,47.77485,968 12.82378,47.77417,995 12.82566,47.77348,1018 12.82641,47.7732,1026 12.82753,47.77239,1034 12.829,47.7719,1045 12.83104,47.77169,1054 12.83121,47.77168,1054 12.83263,47.77197,1056 12.83325,47.77325,1038 12.83325,47.77326,1038 12.83369,47.77364,1029 12.83451,47.77381,1019 12.83602,47.77373,1003 12.8362,47.77321,993 12.83691,47.77278,982 12.83849,47.77262,961 12.84007,47.77359,932 12.84051,47.77385,929 12.84121,47.77395,925 12.84258,47.77369,915 12.84364,47.77361,913 12.84386,47.77371,913 12.84451,47.77328,920 12.84489,47.77257,934 12.84523,47.77238,938 12.8463,47.7723,938 12.84772,47.77243,924 12.84809,47.77234,922 12.84842,47.772,920 12.84986,47.77209,922 12.85199,47.77183,925 12.85225,47.77182,925 12.85431,47.77133,929 12.85469,47.77123,933 12.85574,47.77071,941 12.85647,47.7701,946 12.85615,47.76917,946 12.85624,47.76892,945 12.85807,47.76808,939 12.85884,47.76773,938 12.859,47.76653,927 12.85763,47.76536,911 12.85644,47.76442,897 12.85607,47.76436,897 12.85482,47.76453,905 12.85411,47.76429,911 12.85253,47.76405,920 12.85269,47.76335,920 12.85189,47.76317,924 12.85184,47.76305,924 12.85214,47.76265,926 12.85246,47.76257,925 12.85344,47.76269,913 12.85454,47.76302,897 12.85669,47.76302,879 12.85783,47.76301,866 12.85874,47.76286,860 12.85962,47.7623,854 12.85995,47.76231,853 12.86068,47.76191,849 12.86143,47.76209,847 12.86322,47.76202,834 12.86445,47.76115,823 12.86521,47.7609,816 12.86644,47.76123,805 12.86755,47.7618,786 12.8686,47.76193,772 12.86925,47.76158,766 12.86913,47.76081,759 12.87109,47.7601,746 12.87126,47.76006,745 12.87164,47.76018,745 12.87202,47.76008,745 12.87424,47.76011,741 12.87455,47.76011,739 12.87538,47.76049,730 12.8769,47.76044,715 12.8784,47.76091,696 12.87874,47.76089,692 12.87957,47.76063,685 12.88006,47.76026,681 12.88049,47.76024,680 12.88111,47.75975,681 12.88173,47.75953,678 12.88225,47.75976,669 12.88342,47.75991,647 12.88415,47.76029,636 12.88524,47.76027,620 12.88586,47.76047,614 12.88714,47.76016,595 12.8882,47.76059,584 12.88997,47.75987,564 12.89011,47.75982,563 12.88965,47.76125,549 12.88956,47.7616,542 12.88994,47.76176,536 12.89076,47.76149,526 12.89158,47.76156,518 12.89247,47.76103,512 12.89446,47.76095,503 12.8946,47.76093,503 12.89646,47.7601,480 12.89729,47.75975,469 12.89791,47.75967,467 12.89789,47.75943,466 12.89898,47.75829,460 12.89869,47.7579,459 12.8992,47.75697,459 12.89895,47.75552,465 12.89915,47.75474,471 12.90023,47.75346,475 12.90027,47.75334,475 12.90172,47.75235,466 12.9018,47.75229,466 12.90208,47.75181,466 12.90206,47.75133,467 12.90126,47.75038,468 12.90101,47.74894,467 12.90089,47.74871,467 12.89994,47.7476,460 12.89958,47.74741,460 12.89778,47.74675,467 12.89641,47.74624,471 12.89439,47.74581,477 12.89346,47.74569,472 12.89179,47.7452,476 12.89052,47.74457,480 12.88943,47.7434,485 12.8885,47.74223,481 12.88814,47.74201,480 12.88612,47.74146,484 12.88509,47.74124,486 12.88382,47.74109,487 12.88178,47.74122,491 12.8805,47.74128,492 12.87849,47.74081,485 12.87779,47.74067,484 12.87587,47.74007,477 12.87559,47.73996,475 12.87416,47.7388,467 12.87402,47.73868,467 12.87233,47.73772,472 12.87198,47.73758,472 12.86991,47.73722,472 12.86776,47.73695,472 12.86728,47.73686,472 12.86641,47.73707,473 12.86586,47.73662,473 12.86584,47.73604,472 12.86467,47.73479,471 12.86358,47.73355,482 12.86331,47.73333,484 12.86237,47.73332,485 12.8618,47.73383,485 12.86107,47.73417,486 12.85984,47.73437,495 12.85872,47.73491,507 12.85743,47.73509,511 12.85624,47.73487,520 12.85419,47.73483,535 12.85245,47.73473,541 12.85128,47.73507,547 12.85057,47.73511,551 12.84968,47.73486,557 12.84881,47.73514,560 12.84745,47.73622,568 12.84742,47.73624,568 12.84672,47.73651,569 12.84542,47.73675,568 12.84353,47.7366,568 12.84229,47.73615,571 12.84053,47.73646,584 12.83884,47.73577,597 12.83685,47.73603,615 12.83603,47.73605,623 12.83517,47.73629,630 12.83467,47.73573,639 12.83456,47.73485,652 12.83551,47.73407,652 12.83568,47.73372,649 12.83546,47.73337,646 12.83581,47.73333,645 12.83625,47.73294,642 12.83705,47.73296,636 12.83901,47.7336,614 12.83979,47.73374,606 12.84115,47.73381,590 12.84202,47.73358,586 12.84262,47.73221,581 12.84263,47.73219,581 12.84266,47.73085,572 12.84266,47.73054,571 12.84302,47.7298,564 12.84436,47.729,553 12.84487,47.72778,537 12.8458,47.72765,529 12.8473,47.72686,513 12.84824,47.72696,508 12.84892,47.72757,505 12.84985,47.72785,498 12.85065,47.72856,488 12.85156,47.72867,482 12.85249,47.72859,477 12.8529,47.72839,476 12.85426,47.7274,469 12.85487,47.72695,467 12.85557,47.72681,466 12.85648,47.72688,465 12.85802,47.72778,465 12.85937,47.72853,465 12.8612,47.72919,466 12.86233,47.72949,469 12.86324,47.7304,472 12.86517,47.73117,472 12.86694,47.7319,474 12.86782,47.73228,473 12.86856,47.73275,470 12.86966,47.73263,466 12.87123,47.7318,468 12.87157,47.73112,467 12.87255,47.72999,467 12.87305,47.72945,468 12.87348,47.72805,469 12.87375,47.72748,468 12.87541,47.72656,469 12.87562,47.72645,470 12.87714,47.72577,472 12.87762,47.72569,471 12.8781,47.72512,471 12.87971,47.72413,470 12.8798,47.72409,470 12.88023,47.72441,470 12.88082,47.72441,472 12.88132,47.72493,474 12.88225,47.72454,476 12.88319,47.725,481 12.8838,47.72566,482 12.88387,47.72612,481 12.88435,47.72641,479 12.88437,47.72662,478 12.88384,47.7269,478</coordinates></LineString></Placemark>
<Placemark><name>Untersberg mentén Salzburg kapujáig (40.1 km, 357 m)</name><description><![CDATA[<b>Untersberg mentén Salzburg kapujáig</b> – GENERÁLT NYOMVONAL<br/>Lankás, könnyű kör az Untersberg északi lábánál. Großgmainból a határ mentén Fürstenbrunnba, a Glanegg-kastélyhoz és Grödigen át a hellbrunni kastélyparkig gurulsz, visszafelé a Leopoldskroner Moos lápréti útjain és Walson át érsz haza. Jó választás borús napra, amikor a hegyek felhőben vannak.<br/><br/>Táv: 40.1 km · Szint: 357 m · Max: 656 m · Idő: ~2.5 ó<br/>Nehézség: könnyű · Értékelés: ★★★★☆<br/>Burkolat: aszfalt 82.2%, kemény murva 16.4%, laza/erdei 0.1%, ösvény 1.2%<br/>Indulás: Közvetlenül a szálloda elől indul | Autóval ~7 perc: Großgmain, Parkplatz Plainburg | Vonattal: Bad Reichenhall Hbf (gyalog/bringával 0,5 km a szállodától)<br/>Október: Hellbrunn környékén hétvégén sok gyalogos és turistabusz. Határátlépés Großgmainnál – vigyél személyi igazolványt.]]></description><styleUrl>#konnyu</styleUrl><LineString><tessellate>1</tessellate><coordinates>12.88384,47.7269,478 12.88439,47.72655,479 12.88387,47.72612,482 12.88385,47.72585,484 12.8841,47.72577,485 12.88522,47.72601,493 12.8856,47.72597,496 12.8864,47.72517,511 12.88686,47.72389,525 12.88725,47.72346,528 12.88832,47.72314,529 12.88979,47.72329,526 12.89185,47.72328,519 12.89316,47.72324,517 12.89531,47.7235,519 12.8973,47.72377,522 12.89838,47.72397,523 12.89955,47.72442,519 12.90095,47.72553,512 12.90149,47.72586,511 12.9026,47.72614,511 12.90389,47.72679,511 12.90424,47.72542,515 12.90456,47.72443,518 12.90596,47.72437,523 12.90724,47.72474,525 12.90697,47.72508,524 12.90738,47.72517,524 12.90718,47.72546,524 12.90787,47.72571,524 12.90785,47.726,525 12.90844,47.72626,526 12.90919,47.72625,527 12.91118,47.72672,527 12.91253,47.72693,531 12.91313,47.72634,533 12.91429,47.72683,533 12.91559,47.72795,535 12.91566,47.72803,535 12.91608,47.72812,536 12.91661,47.72944,546 12.91712,47.72991,548 12.91786,47.72982,547 12.91814,47.73013,546 12.91912,47.73001,546 12.91941,47.73143,551 12.9195,47.73162,554 12.92076,47.73199,563 12.92179,47.73276,570 12.92232,47.73409,564 12.92297,47.73539,550 12.9232,47.73589,550 12.92396,47.73598,551 12.92507,47.73662,555 12.92708,47.73714,551 12.92744,47.73722,550 12.92859,47.73815,541 12.92962,47.73854,538 12.93124,47.73749,539 12.93197,47.73696,542 12.93193,47.73642,544 12.93269,47.73606,546 12.93333,47.73623,547 12.93445,47.73724,545 12.93641,47.73769,551 12.93737,47.73732,554 12.93938,47.7369,573 12.94011,47.73701,577 12.94104,47.73744,580 12.94318,47.73756,580 12.94386,47.7376,581 12.94549,47.73683,577 12.94566,47.73676,576 12.94682,47.73652,575 12.9481,47.73594,578 12.94842,47.73628,580 12.94894,47.7362,582 12.94994,47.73641,588 12.95067,47.73631,593 12.95168,47.73654,603 12.95311,47.73642,611 12.95433,47.73653,617 12.95625,47.73704,624 12.95711,47.73717,624 12.9581,47.73761,626 12.95929,47.73851,632 12.96105,47.73916,629 12.96143,47.73922,630 12.9632,47.73862,639 12.96456,47.73775,646 12.96556,47.73778,648 12.96609,47.73727,652 12.96669,47.73709,655 12.96785,47.73703,657 12.96972,47.73779,646 12.97057,47.73812,641 12.97154,47.73811,636 12.9719,47.73777,633 12.97207,47.73709,628 12.97134,47.73576,634 12.97134,47.73576,634 12.97132,47.73534,636 12.97284,47.73428,628 12.97302,47.73415,627 12.9735,47.73363,623 12.97547,47.73391,608 12.97585,47.73394,606 12.97752,47.73491,600 12.97752,47.73491,600 12.97811,47.73629,597 12.97812,47.73631,597 12.97895,47.73718,594 12.98093,47.73763,586 12.98155,47.73766,582 12.98209,47.73791,579 12.9835,47.73769,568 12.98418,47.73773,565 12.98584,47.73862,541 12.98625,47.73881,537 12.98794,47.73932,534 12.98962,47.74029,528 12.98967,47.74033,528 12.98988,47.74111,513 12.99113,47.74149,486 12.99158,47.74282,462 12.99171,47.7432,460 12.99225,47.742,462 12.99259,47.74206,462 12.99263,47.74247,465 12.99328,47.74267,467 12.99391,47.74316,466 12.99407,47.74367,465 12.99514,47.74356,462 12.99633,47.74408,459 12.99765,47.74511,458 12.99921,47.74596,460 13.00067,47.74687,459 13.00073,47.74695,459 13.00225,47.74745,454 13.00246,47.74734,452 13.00283,47.74764,451 13.00321,47.74752,450 13.00483,47.74853,448 13.00511,47.74868,448 13.00575,47.74878,449 13.00736,47.7487,454 13.00924,47.74922,457 13.00958,47.74929,455 13.0117,47.74957,445 13.01295,47.74962,444 13.01497,47.74939,442 13.01595,47.74917,442 13.01681,47.74887,441 13.01782,47.74807,440 13.01906,47.74771,439 13.02105,47.74784,444 13.02184,47.74795,443 13.02224,47.74818,441 13.02269,47.74893,439 13.02401,47.75005,437 13.02541,47.75124,438 13.02594,47.75159,438 13.02693,47.75206,439 13.02896,47.75271,436 13.02957,47.75287,436 13.03023,47.75291,435 13.03079,47.75268,436 13.03171,47.75287,437 13.03346,47.75365,438 13.03494,47.75424,437 13.03634,47.75521,436 13.03667,47.75543,436 13.03727,47.75561,437 13.03797,47.75686,444 13.03996,47.75726,447 13.04196,47.75775,451 13.04406,47.75829,448 13.04601,47.75873,450 13.04644,47.75883,449 13.04826,47.75973,442 13.04863,47.75984,441 13.0497,47.75961,439 13.05165,47.76006,437 13.05368,47.76055,439 13.05565,47.76102,439 13.05766,47.76151,438 13.05781,47.76154,437 13.05797,47.76263,435 13.05815,47.76292,435 13.05884,47.76322,434 13.0588,47.76335,434 13.06022,47.76353,430 13.0614,47.76311,430 13.06224,47.76305,430 13.06414,47.76363,430 13.06491,47.76365,430 13.06505,47.76319,430 13.06417,47.76312,430 13.06409,47.76335,430 13.06451,47.76348,430 13.0646,47.76376,430 13.06414,47.76517,432 13.06367,47.76667,430 13.06322,47.76807,431 13.06275,47.76954,428 13.06274,47.76959,428 13.06117,47.76948,427 13.05904,47.76967,428 13.05899,47.76968,428 13.05861,47.77038,431 13.05806,47.77046,432 13.05756,47.77033,432 13.05577,47.77072,433 13.05498,47.77156,434 13.05354,47.77152,435 13.05184,47.77241,433 13.05079,47.77294,432 13.04893,47.7725,430 13.04679,47.77262,430 13.04615,47.77266,430 13.04591,47.7728,430 13.04625,47.77417,432 13.04616,47.77421,432 13.04398,47.77418,432 13.04303,47.77448,432 13.04304,47.77418,432 13.04154,47.77419,433 13.04058,47.77442,434 13.04103,47.77489,435 13.04167,47.7762,432 13.04214,47.77726,431 13.04199,47.77865,432 13.04193,47.78007,432 13.04192,47.7802,432 13.04209,47.78077,432 13.0402,47.78087,433 13.04003,47.78228,433 13.03984,47.78261,433 13.03884,47.78379,434 13.03782,47.78494,437 13.03669,47.7862,436 13.03618,47.78679,435 13.03552,47.78798,434 13.03359,47.78728,434 13.03178,47.78665,433 13.02977,47.78596,431 13.02778,47.78527,430 13.02619,47.78471,430 13.02594,47.78474,430 13.02591,47.78489,430 13.02536,47.78346,432 13.02484,47.78211,433 13.02427,47.78065,432 13.02422,47.78053,432 13.02333,47.78084,432 13.02287,47.7807,432 13.02151,47.78168,430 13.0211,47.78177,430 13.02018,47.78242,429 13.01995,47.78312,428 13.01868,47.78402,427 13.01819,47.78411,428 13.01763,47.78452,428 13.01613,47.78346,429 13.01554,47.78306,429 13.01529,47.78324,428 13.01462,47.78278,427 13.01441,47.78287,427 13.01297,47.78174,427 13.01158,47.78075,427 13.01111,47.78041,427 13.0104,47.78005,428 13.00906,47.77993,430 13.00737,47.78006,430 13.00662,47.78028,430 13.00587,47.77974,431 13.00412,47.78045,429 13.00328,47.78072,429 13.00309,47.78057,430 13.00272,47.78068,431 13.00228,47.78015,432 13.00197,47.78017,433 13.00094,47.77976,435 12.99907,47.77896,434 12.99752,47.77816,434 12.99571,47.7774,436 12.99531,47.77724,436 12.99397,47.7784,429 12.99375,47.77858,430 12.99255,47.77985,431 12.99232,47.7801,432 12.99086,47.78117,433 12.99085,47.78118,433 12.99019,47.78196,433 12.98826,47.78235,434 12.98795,47.7825,434 12.98678,47.78204,435 12.98649,47.78235,435 12.98569,47.78272,436 12.9854,47.7824,436 12.98431,47.78185,436 12.98485,47.78122,436 12.98431,47.78185,437 12.98275,47.781,436 12.98218,47.78183,436 12.98018,47.7815,438 12.97904,47.78133,437 12.97857,47.7814,437 12.97721,47.78248,436 12.97714,47.78254,435 12.97599,47.78375,435 12.97483,47.78496,436 12.97432,47.78544,436 12.97284,47.78486,436 12.97113,47.78386,437 12.97055,47.7836,438 12.96867,47.78283,439 12.96681,47.78208,438 12.96491,47.7813,437 12.96357,47.7807,438 12.96168,47.78007,439 12.96061,47.77976,438 12.95897,47.77895,439 12.95859,47.77878,440 12.9568,47.77808,441 12.95508,47.77738,442 12.95335,47.77668,444 12.9524,47.77625,457 12.95119,47.77518,473 12.94988,47.77412,468 12.9486,47.77292,479 12.94755,47.77198,490 12.94549,47.77194,495 12.94497,47.77187,493 12.94344,47.77129,486 12.94145,47.77086,488 12.93976,47.77028,488 12.93877,47.7695,481 12.93824,47.76815,481 12.93781,47.76746,484 12.93686,47.76683,481 12.93518,47.76651,471 12.93315,47.76631,467 12.93094,47.76609,462 12.93047,47.76606,460 12.92855,47.76527,451 12.92749,47.76474,451 12.92704,47.76485,451 12.92681,47.76542,452 12.92626,47.76532,452 12.92582,47.76499,453 12.9253,47.76518,453 12.92477,47.76504,453 12.92341,47.76393,449 12.92204,47.76283,454 12.92059,47.76166,454 12.91921,47.76057,455 12.91791,47.75949,458 12.91658,47.75841,458 12.91518,47.75722,460 12.91382,47.75608,461 12.91243,47.75497,460 12.91111,47.75393,460 12.91058,47.75352,460 12.91042,47.75263,459 12.90842,47.75219,463 12.90699,47.75107,463 12.90567,47.74992,462 12.90518,47.7499,462 12.9039,47.74883,460 12.90313,47.74834,458 12.90257,47.74775,457 12.90258,47.74639,457 12.90243,47.74596,457 12.90163,47.74469,456 12.90131,47.74437,456 12.90244,47.74398,456 12.90275,47.74326,457 12.90264,47.74278,458 12.90212,47.74253,459 12.90153,47.74277,459 12.90042,47.74259,461 12.89969,47.74195,463 12.89803,47.74146,466 12.89713,47.74065,467 12.89627,47.74016,467 12.89632,47.73998,467 12.8945,47.73933,466 12.89415,47.73911,466 12.89335,47.7378,466 12.8929,47.737,465 12.8913,47.73617,462 12.89098,47.73591,462 12.89023,47.73457,464 12.8898,47.73392,464 12.88886,47.7327,464 12.8879,47.7317,465 12.88728,47.73071,466 12.88589,47.72959,468 12.88465,47.7287,469 12.88394,47.72772,471 12.88311,47.72749,472 12.88384,47.7269,472</coordinates></LineString></Placemark>
<Placemark><name>Rupertiwinkel – Höglwörth és Teisendorf (52.4 km, 763 m)</name><description><![CDATA[<b>Rupertiwinkel – Höglwörth és Teisendorf</b> – GENERÁLT NYOMVONAL<br/>Dombos, falusi hangulatú kör a Rupertiwinkelben. Angeren át a Höglwörther See kolostoráig (kolostorkocsma!), majd mezőgazdasági utakon Teisendorfba és Neukirchen am Teisenbergbe tekersz. Visszafelé a Teisenberg lábán, majd Anger és Piding felé gurulsz. Sok rövid, éles emelkedő, gyönyörű kilátás a Staufenre.<br/><br/>Táv: 52.4 km · Szint: 763 m · Max: 862 m · Idő: ~3.9 ó<br/>Nehézség: közepes · Értékelés: ★★★★☆<br/>Burkolat: aszfalt 58.7%, kemény murva 39.6%, laza/erdei 0.2%, ösvény 1.5%<br/>Indulás: Közvetlenül a szálloda elől indul | Autóval ~12 perc: Anger, Scheiterparkplatz | Vonattal: Teisendorf (~35 perc Bad Reichenhall Hbf-ről)<br/>Október: Októberben trágyázási/szüreti forgalom a mezőgazdasági utakon – sáros lehet a burkolat. A Klosterwirt Höglwörth hétfőn-kedden gyakran zárva.]]></description><styleUrl>#kozepes</styleUrl><LineString><tessellate>1</tessellate><coordinates>12.88384,47.7269,472 12.88311,47.72749,471 12.88394,47.72772,471 12.88465,47.7287,469 12.88606,47.72973,468 12.88728,47.73071,466 12.8879,47.7317,465 12.88899,47.73286,463 12.8898,47.73392,464 12.8905,47.73518,463 12.89072,47.73556,462 12.89139,47.73623,461 12.88993,47.73717,462 12.8898,47.73724,462 12.8907,47.73798,461 12.88915,47.73896,460 12.88912,47.73899,460 12.89077,47.73974,459 12.8915,47.74003,459 12.89259,47.7408,460 12.89435,47.74174,460 12.89549,47.74227,459 12.89619,47.74363,458 12.89671,47.74455,459 12.89821,47.74558,458 12.90007,47.7463,458 12.90082,47.74653,458 12.89994,47.7476,458 12.90078,47.74854,460 12.90143,47.7482,456 12.90219,47.74862,453 12.9027,47.74944,456 12.90373,47.75021,456 12.90448,47.75045,455 12.90453,47.75088,456 12.90589,47.75197,455 12.90598,47.75204,454 12.9066,47.75269,453 12.9065,47.75281,453 12.90786,47.75393,453 12.90922,47.75506,452 12.91025,47.75592,452 12.90869,47.7569,451 12.90833,47.75711,451 12.90974,47.7582,451 12.91096,47.75919,452 12.91109,47.75968,451 12.91138,47.75982,451 12.91158,47.75971,451 12.91071,47.76005,451 12.91157,47.76068,451 12.91256,47.76198,450 12.91269,47.76218,450 12.91328,47.76362,450 12.91338,47.76388,450 12.91326,47.76427,450 12.91286,47.76456,450 12.91106,47.76519,449 12.91076,47.76527,449 12.9109,47.76555,450 12.91069,47.76696,451 12.91064,47.76729,451 12.9096,47.76774,452 12.90995,47.76824,454 12.90982,47.76836,454 12.90825,47.76834,455 12.908,47.76803,455 12.90719,47.76821,455 12.90647,47.76797,455 12.90597,47.76806,455 12.90564,47.76778,455 12.90528,47.76773,455 12.90321,47.76825,456 12.90108,47.76869,456 12.89905,47.76913,457 12.89799,47.76937,458 12.89705,47.76948,458 12.89553,47.77041,459 12.8941,47.77144,460 12.89391,47.77157,460 12.89224,47.7723,461 12.89142,47.77274,461 12.89002,47.77387,463 12.88895,47.7748,463 12.88819,47.77619,465 12.88779,47.77698,465 12.88697,47.77737,465 12.88581,47.77865,468 12.88562,47.77887,468 12.8838,47.77962,471 12.8819,47.78041,473 12.88011,47.78115,473 12.87964,47.78136,474 12.87803,47.78233,476 12.87769,47.7826,477 12.87698,47.78273,477 12.87608,47.78408,482 12.87528,47.78539,485 12.87508,47.78585,486 12.87416,47.78602,488 12.87314,47.78571,489 12.87345,47.78603,490 12.8723,47.78714,489 12.87229,47.78715,489 12.87215,47.78764,489 12.87096,47.78863,490 12.86992,47.78855,491 12.86968,47.78932,493 12.86835,47.79042,496 12.86833,47.79044,496 12.86771,47.79185,498 12.86735,47.79261,499 12.86598,47.79376,503 12.86474,47.79488,508 12.86345,47.79607,512 12.86339,47.79613,512 12.86275,47.79733,516 12.86163,47.79818,519 12.8609,47.79914,523 12.8596,47.8002,530 12.85882,47.80089,532 12.85748,47.80132,532 12.85691,47.80058,532 12.85583,47.80061,534 12.85439,47.80164,539 12.85307,47.80271,544 12.85253,47.80306,547 12.85058,47.8035,552 12.85032,47.80364,553 12.84913,47.80448,558 12.8494,47.80512,559 12.85022,47.80562,561 12.85006,47.80592,562 12.84863,47.80686,569 12.84768,47.80766,575 12.84642,47.80801,577 12.84555,47.80851,581 12.84408,47.80967,584 12.84395,47.80976,584 12.84354,47.81029,584 12.84249,47.811,585 12.84035,47.81137,591 12.83982,47.81146,591 12.84035,47.81288,587 12.84036,47.81329,585 12.84006,47.81438,575 12.83959,47.81494,571 12.84033,47.8157,564 12.84094,47.81571,563 12.84033,47.8157,564 12.83959,47.81494,567 12.83929,47.81556,565 12.8378,47.81658,556 12.83758,47.81676,555 12.83663,47.81797,559 12.83565,47.81895,558 12.83448,47.81958,552 12.83427,47.82097,538 12.83425,47.82121,536 12.83288,47.82192,536 12.83254,47.82329,536 12.83239,47.82382,536 12.83046,47.82425,542 12.82993,47.82439,541 12.82981,47.82524,535 12.82995,47.82569,530 12.83059,47.82711,520 12.83088,47.82774,518 12.83171,47.8291,516 12.83245,47.83016,520 12.83251,47.83055,521 12.83185,47.83136,524 12.83105,47.83174,524 12.83049,47.83268,514 12.83061,47.83355,514 12.83007,47.83376,516 12.82898,47.83479,519 12.82802,47.83609,519 12.82727,47.83681,520 12.827,47.83796,519 12.82763,47.8393,506 12.82766,47.83943,505 12.82716,47.83999,507 12.82708,47.84086,505 12.82641,47.84142,499 12.82648,47.84234,495 12.8273,47.84361,500 12.82733,47.84391,500 12.82692,47.84526,500 12.82688,47.84546,499 12.82642,47.846,499 12.82655,47.84618,498 12.82629,47.8466,496 12.82666,47.84654,494 12.82723,47.84612,490 12.8278,47.84623,487 12.82818,47.8465,485 12.82945,47.8463,485 12.83074,47.84669,485 12.83087,47.84732,485 12.83225,47.84731,488 12.83281,47.84793,491 12.83425,47.84746,498 12.83481,47.8484,501 12.835,47.84831,501 12.83525,47.84855,502 12.83426,47.84916,502 12.83357,47.84882,501 12.83198,47.84914,496 12.83155,47.84901,495 12.83069,47.84952,491 12.82949,47.84985,487 12.82746,47.85004,487 12.82534,47.85018,494 12.82527,47.85017,494 12.82531,47.85069,495 12.82356,47.85111,491 12.8238,47.85145,490 12.82222,47.85193,488 12.82072,47.85294,489 12.82067,47.85297,490 12.81932,47.85362,489 12.81859,47.85502,497 12.81856,47.85514,497 12.81649,47.85529,502 12.81645,47.8553,502 12.81522,47.85584,508 12.81469,47.85589,509 12.81404,47.85548,510 12.81179,47.85543,508 12.81127,47.85535,509 12.80962,47.85619,518 12.80856,47.85671,520 12.80716,47.85762,522 12.80609,47.85769,518 12.80644,47.85733,512 12.80497,47.8566,497 12.80296,47.85676,495 12.80234,47.85678,496 12.80147,47.85696,498 12.80132,47.85713,498 12.7993,47.85712,499 12.79835,47.85734,500 12.79776,47.85694,501 12.79708,47.85737,501 12.79604,47.85758,500 12.79439,47.85784,500 12.79252,47.8579,502 12.79157,47.85676,504 12.79,47.85579,508 12.78976,47.85564,508 12.78846,47.85448,512 12.78715,47.85347,513 12.78673,47.85316,514 12.78663,47.85306,514 12.78686,47.85302,514 12.78667,47.85266,515 12.78569,47.85145,517 12.78508,47.85117,518 12.78503,47.8514,518 12.78435,47.85127,519 12.78377,47.85086,519 12.78209,47.8504,520 12.78126,47.84982,521 12.77954,47.84938,534 12.77858,47.84873,555 12.7786,47.84817,569 12.77906,47.84768,581 12.77903,47.84737,585 12.77821,47.84664,602 12.77687,47.8463,626 12.7761,47.84533,643 12.77612,47.84427,645 12.77538,47.84295,655 12.77511,47.84249,660 12.77536,47.8411,665 12.7753,47.84105,665 12.774,47.84084,670 12.77261,47.83995,676 12.77185,47.84021,684 12.7714,47.84065,690 12.77131,47.84143,694 12.77076,47.84132,697 12.7688,47.84065,699 12.76846,47.84052,699 12.76734,47.83961,698 12.76574,47.83908,688 12.76524,47.83865,687 12.76314,47.8382,690 12.76274,47.83812,690 12.76127,47.83806,693 12.76011,47.83769,695 12.75885,47.83788,696 12.75745,47.83717,698 12.75536,47.83716,704 12.75332,47.83655,713 12.7523,47.83627,706 12.75018,47.83609,691 12.74852,47.83584,686 12.74716,47.83545,685 12.74587,47.8354,684 12.74432,47.83456,680 12.74278,47.83365,678 12.74214,47.83333,678 12.74354,47.83278,678 12.74379,47.8326,678 12.74445,47.83131,681 12.74444,47.83119,681 12.74649,47.83101,683 12.74681,47.831,684 12.74701,47.8304,687 12.74865,47.82962,687 12.75029,47.82872,696 12.75046,47.8286,698 12.75091,47.82803,700 12.75103,47.82765,700 12.75082,47.82727,700 12.75135,47.82603,703 12.75246,47.82552,705 12.75442,47.82518,705 12.75522,47.82512,706 12.75665,47.82524,706 12.75868,47.82518,705 12.76065,47.82504,710 12.76285,47.82515,724 12.76485,47.82486,731 12.76599,47.82443,727 12.76794,47.82483,719 12.7684,47.82495,720 12.77019,47.82572,715 12.77063,47.82583,711 12.77276,47.82588,709 12.77363,47.82584,708 12.77565,47.82566,710 12.77787,47.82545,711 12.77827,47.82545,710 12.77899,47.82565,706 12.77988,47.82626,696 12.78047,47.82633,694 12.78082,47.82623,694 12.78149,47.8253,708 12.78153,47.82464,720 12.78207,47.82388,737 12.7825,47.82262,755 12.78396,47.82189,767 12.78586,47.82146,789 12.78638,47.82137,794 12.78805,47.82081,807 12.78846,47.82055,813 12.78812,47.82009,817 12.78993,47.82093,822 12.79174,47.82168,816 12.79207,47.82178,814 12.79333,47.82175,813 12.79366,47.82139,815 12.7948,47.82096,816 12.79492,47.8223,815 12.79494,47.82237,815 12.79542,47.8227,816 12.79708,47.82274,820 12.7985,47.82239,831 12.79968,47.82258,838 12.80172,47.82238,845 12.80237,47.8222,844 12.8031,47.82164,848 12.80321,47.82126,851 12.8035,47.82107,855 12.80559,47.82095,862 12.80712,47.82102,858 12.80865,47.82058,848 12.81001,47.82054,845 12.81113,47.8201,845 12.81238,47.81985,844 12.81345,47.81982,840 12.81543,47.8194,826 12.81604,47.81887,818 12.81682,47.81849,810 12.81776,47.81847,808 12.81776,47.81772,802 12.81907,47.8178,790 12.8206,47.8175,770 12.8222,47.8167,753 12.82255,47.81654,751 12.82333,47.81593,742 12.8252,47.81535,726 12.82607,47.81505,717 12.82773,47.81421,699 12.82792,47.81411,698 12.82993,47.8135,676 12.83187,47.81285,652 12.83314,47.81243,640 12.83463,47.8115,625 12.83483,47.81141,623 12.83593,47.81031,614 12.83595,47.81029,614 12.83679,47.80977,611 12.8373,47.80897,609 12.83871,47.80848,607 12.83932,47.80739,602 12.84029,47.80647,596 12.84212,47.80708,592 12.84368,47.80762,588 12.84483,47.80748,585 12.8469,47.80767,576 12.84749,47.80771,575 12.84882,47.80673,571 12.84854,47.80632,569 12.8492,47.80614,568 12.84924,47.80586,566 12.84982,47.80606,563 12.85074,47.80554,561 12.85197,47.80543,558 12.85305,47.80483,555 12.85446,47.80469,555 12.85547,47.80419,554 12.85667,47.80297,553 12.85668,47.80295,553 12.85698,47.80224,551 12.85782,47.80191,547 12.85842,47.80195,541 12.85736,47.80128,535 12.85669,47.80035,532 12.85542,47.79931,533 12.85531,47.79923,533 12.85528,47.79901,533 12.85626,47.79873,531 12.85708,47.79824,528 12.85723,47.79758,526 12.85756,47.79717,524 12.85898,47.79618,517 12.86039,47.79512,514 12.86138,47.79401,510 12.86282,47.79316,505 12.86391,47.79202,502 12.86433,47.79158,500 12.86527,47.79031,496 12.86621,47.78912,495 12.86635,47.78889,495 12.86663,47.78789,494 12.86735,47.78683,494 12.86723,47.78614,495 12.86753,47.78552,497 12.86892,47.78438,504 12.8693,47.78384,504 12.86964,47.78385,504 12.87018,47.78359,503 12.87058,47.78318,501 12.87119,47.78316,500 12.87178,47.78179,496 12.87186,47.78162,495 12.87285,47.78044,490 12.87405,47.77914,480 12.87462,47.77855,478 12.87478,47.7785,477 12.87575,47.77895,476 12.87644,47.77895,475 12.87725,47.77762,471 12.87769,47.77715,470 12.87902,47.77609,469 12.88048,47.77516,470 12.882,47.77406,472 12.88201,47.77405,472 12.88287,47.77307,474 12.88137,47.77242,485 12.88127,47.77211,488 12.88162,47.77154,490 12.88249,47.77099,492 12.88331,47.76976,500 12.88395,47.76928,503 12.8857,47.76858,494 12.88633,47.76835,491 12.88642,47.76761,491 12.88699,47.76702,498 12.88802,47.76644,509 12.88849,47.76581,514 12.88833,47.76532,520 12.88896,47.76451,531 12.88973,47.76398,532 12.8902,47.76265,528 12.89044,47.76221,525 12.89194,47.76129,515 12.89227,47.76108,513 12.89348,47.7609,508 12.8946,47.76093,503 12.89646,47.7601,480 12.89729,47.75975,469 12.89791,47.75967,467 12.89789,47.75943,466 12.89898,47.75829,460 12.89869,47.7579,459 12.8992,47.75697,459 12.89895,47.75552,465 12.89915,47.75474,471 12.90023,47.75346,475 12.90027,47.75334,475 12.90172,47.75235,466 12.9018,47.75229,466 12.90208,47.75181,466 12.90206,47.75133,467 12.90126,47.75038,468 12.90101,47.74894,467 12.90005,47.74772,459 12.89994,47.7476,459 12.90063,47.74686,456 12.90017,47.7468,457 12.89835,47.74599,459 12.89728,47.74567,462 12.8967,47.74525,462 12.89594,47.74499,462 12.89649,47.74448,461 12.89478,47.74362,461 12.89297,47.74271,461 12.89125,47.74186,460 12.88961,47.74105,463 12.88784,47.74018,466 12.88609,47.73932,468 12.88437,47.73846,471 12.88265,47.73761,467 12.88243,47.7375,466 12.88381,47.73638,461 12.88534,47.7354,463 12.88535,47.73539,463 12.88433,47.73475,464 12.88577,47.73398,463 12.88469,47.73305,464 12.88374,47.73185,466 12.88353,47.7316,467 12.88245,47.73071,468 12.88382,47.73008,470 12.88251,47.72898,469 12.88419,47.72812,470 12.88525,47.72746,473 12.88421,47.72671,475 12.88384,47.7269,476</coordinates></LineString></Placemark>
<Placemark><name>Hochstaufen-kör (56.8 km, 1164 m)</name><description><![CDATA[<b>Hochstaufen-kör</b> – GENERÁLT NYOMVONAL<br/>A Staufen-masszívum teljes megkerülése. Pidingen és Angeren át a Stoißberg alatti dombokon nyugatra fordulsz, Inzell felé ereszkedsz, majd Weißbachon és a Mauthäuslon át a Saalach völgyébe érsz vissza. Változatos: lankás rétek északon, szűk erdős völgyek délen.<br/><br/>Táv: 56.8 km · Szint: 1164 m · Max: 954 m · Idő: ~4.8 ó<br/>Nehézség: közepes · Értékelés: ★★★★☆<br/>Burkolat: aszfalt 53.6%, kemény murva 42.9%, laza/erdei 1.5%, ösvény 2.0%<br/>Indulás: Közvetlenül a szálloda elől indul | Autóval ~12 perc: Anger, Scheiterparkplatz | Vonattal: Piding (~6 perc Bad Reichenhall Hbf-ről)<br/>Október: Inzell és Weißbach között rövid szakaszon a forgalmasabb B305 közelében haladsz – láthatósági mellény ajánlott. Rövid nappal: indulj legkésőbb 10-kor.]]></description><styleUrl>#kozepes</styleUrl><LineString><tessellate>1</tessellate><coordinates>12.88384,47.7269,472 12.88311,47.72749,471 12.88394,47.72772,471 12.88465,47.7287,469 12.88606,47.72973,468 12.88728,47.73071,466 12.8879,47.7317,465 12.88899,47.73286,463 12.8898,47.73392,464 12.8905,47.73518,463 12.89072,47.73556,462 12.89139,47.73623,461 12.88993,47.73717,462 12.8898,47.73724,462 12.8907,47.73798,461 12.88915,47.73896,460 12.88912,47.73899,460 12.89077,47.73974,459 12.8915,47.74003,459 12.89259,47.7408,460 12.89435,47.74174,460 12.89549,47.74227,459 12.89619,47.74363,458 12.89671,47.74455,459 12.89821,47.74558,458 12.90007,47.7463,458 12.90082,47.74653,458 12.89994,47.7476,458 12.90078,47.74854,460 12.90143,47.7482,456 12.90219,47.74862,453 12.9027,47.74944,456 12.90373,47.75021,456 12.90448,47.75045,455 12.90453,47.75088,456 12.90589,47.75197,455 12.90598,47.75204,454 12.9066,47.75269,453 12.9065,47.75281,453 12.90786,47.75393,453 12.90922,47.75506,452 12.9103,47.75597,452 12.90869,47.7569,451 12.90833,47.75711,451 12.90974,47.7582,451 12.91096,47.75919,452 12.91109,47.75968,451 12.91138,47.75982,451 12.91158,47.75971,451 12.91071,47.76005,451 12.91157,47.76068,451 12.91256,47.76198,450 12.91269,47.76218,450 12.91328,47.76362,450 12.91338,47.76396,450 12.913,47.7645,450 12.91106,47.76519,449 12.91076,47.76527,449 12.9109,47.76555,450 12.91069,47.76696,451 12.91064,47.76729,451 12.9096,47.76774,452 12.90995,47.76824,454 12.90982,47.76836,454 12.90825,47.76834,455 12.908,47.76803,455 12.90719,47.76821,455 12.90647,47.76797,455 12.90597,47.76806,455 12.90564,47.76778,455 12.90528,47.76773,455 12.90321,47.76825,456 12.90108,47.76869,456 12.89905,47.76913,457 12.89799,47.76937,458 12.89705,47.76948,458 12.89553,47.77041,459 12.8941,47.77144,460 12.89391,47.77157,460 12.89224,47.7723,461 12.89142,47.77274,461 12.89002,47.77387,463 12.88895,47.7748,463 12.88819,47.77619,465 12.88779,47.77698,465 12.88697,47.77737,465 12.88581,47.77865,468 12.88562,47.77887,468 12.8838,47.77962,471 12.8819,47.78041,473 12.88011,47.78115,473 12.87964,47.78136,474 12.87803,47.78233,476 12.87769,47.7826,477 12.87698,47.78273,477 12.87608,47.78408,482 12.87541,47.78511,484 12.87514,47.78581,486 12.87416,47.78602,488 12.87314,47.78571,489 12.87345,47.78603,490 12.8723,47.78714,489 12.87229,47.78715,489 12.87215,47.78764,489 12.87115,47.78851,489 12.87071,47.78868,490 12.86992,47.78855,491 12.86968,47.78932,493 12.86835,47.79042,496 12.86833,47.79044,496 12.86771,47.79185,498 12.86735,47.79261,499 12.86598,47.79376,503 12.86474,47.79488,508 12.86345,47.79607,512 12.86339,47.79613,512 12.86275,47.79733,516 12.86163,47.79818,519 12.86119,47.79885,522 12.86016,47.7998,528 12.85886,47.80083,532 12.85882,47.80089,532 12.85748,47.80132,535 12.85842,47.80195,542 12.85782,47.80191,547 12.85698,47.80224,550 12.85668,47.80295,553 12.85556,47.8041,554 12.85547,47.80419,554 12.85472,47.80459,555 12.85387,47.80481,555 12.85305,47.80483,555 12.85197,47.80543,558 12.85045,47.80566,562 12.84902,47.8066,567 12.84775,47.80762,575 12.84642,47.80801,577 12.84555,47.80851,581 12.84408,47.80967,584 12.84395,47.80976,584 12.84354,47.81029,584 12.84249,47.811,585 12.84035,47.81137,592 12.83982,47.81146,594 12.83806,47.81231,604 12.83671,47.81255,605 12.83602,47.81315,604 12.83465,47.8139,611 12.83418,47.81325,618 12.83294,47.81314,629 12.83248,47.81268,642 12.83067,47.81326,665 12.82871,47.81384,689 12.82792,47.81411,698 12.82622,47.81497,716 12.82607,47.81505,717 12.82419,47.81562,735 12.82333,47.81593,742 12.82255,47.81654,751 12.82088,47.81738,766 12.8206,47.8175,770 12.81907,47.8178,789 12.81776,47.81772,803 12.81776,47.81847,808 12.81682,47.81849,810 12.81604,47.81887,818 12.81543,47.8194,826 12.81345,47.81982,840 12.81238,47.81985,844 12.81113,47.8201,845 12.81001,47.82054,845 12.80865,47.82058,847 12.80712,47.82102,858 12.80487,47.82096,863 12.8035,47.82107,856 12.80321,47.82126,852 12.8031,47.82164,848 12.80237,47.8222,844 12.80172,47.82238,845 12.79974,47.82258,838 12.79968,47.82258,838 12.7985,47.82239,832 12.79708,47.82274,820 12.79542,47.8227,816 12.79494,47.82237,815 12.79488,47.82102,816 12.7948,47.82096,816 12.79366,47.82139,814 12.79333,47.82175,813 12.79207,47.82178,814 12.79016,47.82103,822 12.78852,47.82024,819 12.78812,47.82009,816 12.78846,47.82055,813 12.78805,47.82081,808 12.78638,47.82137,794 12.78427,47.82181,772 12.78396,47.82189,768 12.7825,47.82262,756 12.78207,47.82388,735 12.78153,47.82464,719 12.78149,47.8253,708 12.78082,47.82623,694 12.78047,47.82633,693 12.77988,47.82626,696 12.77899,47.82565,706 12.77827,47.82545,710 12.77614,47.8256,711 12.7741,47.82582,708 12.77363,47.82584,708 12.7714,47.8259,709 12.77063,47.82583,712 12.76874,47.82507,720 12.7684,47.82495,720 12.76636,47.82447,725 12.76599,47.82443,726 12.76485,47.82486,730 12.76285,47.82515,724 12.76083,47.82505,711 12.76065,47.82504,710 12.75841,47.8252,705 12.75665,47.82524,706 12.75522,47.82512,706 12.75322,47.82535,706 12.75284,47.82543,705 12.75187,47.82569,704 12.75135,47.82603,702 12.75082,47.82727,699 12.75103,47.82765,700 12.75091,47.82803,701 12.75046,47.8286,698 12.74888,47.82947,688 12.74718,47.83032,688 12.74701,47.8304,687 12.74681,47.831,684 12.74465,47.83117,681 12.74444,47.83119,681 12.74389,47.83249,678 12.74379,47.8326,678 12.74334,47.83291,678 12.74315,47.83279,678 12.74261,47.83305,678 12.74211,47.83343,678 12.74236,47.83317,678 12.74225,47.83245,678 12.74245,47.8323,679 12.74212,47.83207,679 12.74346,47.83185,681 12.74339,47.83117,681 12.74147,47.83051,683 12.74134,47.83046,683 12.7397,47.8302,684 12.73948,47.83004,685 12.73975,47.82968,688 12.74146,47.82987,703 12.74275,47.82978,719 12.74355,47.82913,738 12.74355,47.82842,754 12.74222,47.82829,758 12.74183,47.82791,761 12.74199,47.82711,771 12.74258,47.82689,776 12.74276,47.82662,779 12.74258,47.8252,800 12.74256,47.82508,801 12.74126,47.82424,807 12.74023,47.82292,813 12.73908,47.8217,820 12.73812,47.82048,828 12.73776,47.82015,831 12.73621,47.81949,845 12.73562,47.81908,847 12.73373,47.81855,846 12.73567,47.81795,859 12.73634,47.81773,860 12.73672,47.81701,861 12.73816,47.81608,870 12.73942,47.81573,869 12.7405,47.81602,870 12.74103,47.81534,874 12.74194,47.81516,880 12.74026,47.81432,908 12.73958,47.81407,915 12.73911,47.81266,939 12.73864,47.81132,953 12.73824,47.8099,952 12.73812,47.80947,950 12.73658,47.80846,944 12.73559,47.8077,936 12.73503,47.80633,927 12.73471,47.8057,925 12.73426,47.80525,922 12.73338,47.80485,922 12.7336,47.80388,922 12.733,47.80273,916 12.734,47.80203,911 12.73472,47.80107,902 12.73468,47.80087,900 12.73354,47.8003,884 12.73385,47.7995,873 12.73371,47.79899,868 12.73389,47.7985,865 12.73482,47.79727,849 12.73469,47.79708,846 12.73499,47.79674,840 12.73629,47.796,824 12.737,47.79593,819 12.7366,47.79552,812 12.73547,47.7953,801 12.73572,47.7951,799 12.73663,47.79492,798 12.73572,47.79408,786 12.73382,47.79366,762 12.73443,47.79231,743 12.73521,47.79101,722 12.73525,47.7908,719 12.73473,47.79004,711 12.73399,47.78966,709 12.73342,47.78959,710 12.73342,47.78947,710 12.73455,47.78942,715 12.73592,47.78957,726 12.73777,47.78906,732 12.73823,47.78894,733 12.7396,47.78919,737 12.73994,47.78845,740 12.74084,47.78795,743 12.74237,47.78842,749 12.74281,47.78826,749 12.74309,47.78756,748 12.74253,47.78619,729 12.74226,47.78494,718 12.74274,47.78358,713 12.74291,47.78297,712 12.74281,47.7822,712 12.74348,47.78128,718 12.74338,47.78087,722 12.74462,47.77979,717 12.74499,47.77939,715 12.74384,47.77893,714 12.74365,47.77871,715 12.74357,47.7782,716 12.74401,47.778,716 12.74366,47.77694,717 12.74535,47.77642,722 12.74585,47.77653,722 12.7472,47.77615,720 12.74935,47.77596,719 12.7495,47.77592,719 12.7511,47.77513,711 12.75063,47.77411,712 12.75159,47.77288,716 12.7519,47.77254,715 12.752,47.77201,713 12.7513,47.77073,699 12.7507,47.76972,694 12.75061,47.7687,694 12.75221,47.76783,692 12.75336,47.76727,692 12.75331,47.76583,693 12.75329,47.76565,693 12.75359,47.76471,693 12.75308,47.76353,695 12.75164,47.76255,696 12.75143,47.76236,696 12.75209,47.76223,696 12.75216,47.7614,698 12.7521,47.76075,698 12.75145,47.75994,698 12.75197,47.75972,699 12.7521,47.75935,699 12.75256,47.75897,699 12.7543,47.75828,701 12.75514,47.75784,703 12.75507,47.75729,704 12.75418,47.75607,703 12.75418,47.75599,702 12.75481,47.75566,707 12.75504,47.75429,722 12.75526,47.75381,722 12.75481,47.75327,720 12.75462,47.75262,715 12.75355,47.75242,714 12.75288,47.75193,710 12.75203,47.75159,711 12.75175,47.75016,712 12.75143,47.74881,715 12.75006,47.74782,729 12.75,47.74774,730 12.75029,47.7467,734 12.75019,47.7453,728 12.75022,47.74499,727 12.75097,47.74371,725 12.75185,47.74247,721 12.75185,47.74247,721 12.7529,47.74189,721 12.75335,47.74145,723 12.75534,47.74104,729 12.75576,47.74094,731 12.75694,47.74039,733 12.758,47.74053,733 12.75809,47.73965,733 12.75707,47.73873,732 12.75687,47.73817,731 12.75714,47.73702,735 12.75687,47.73576,738 12.7571,47.73496,740 12.75658,47.73426,746 12.7562,47.73325,742 12.75633,47.73223,734 12.75609,47.73167,734 12.75774,47.73075,730 12.75825,47.73042,723 12.75858,47.72993,719 12.75978,47.72939,714 12.75965,47.72908,714 12.75978,47.72939,714 12.75953,47.72959,713 12.75883,47.72989,712 12.75858,47.72993,712 12.75866,47.72971,709 12.75727,47.73017,690 12.75786,47.72922,674 12.7589,47.72848,661 12.75774,47.72886,647 12.75721,47.72883,645 12.75782,47.7286,642 12.75881,47.72777,639 12.76036,47.72689,636 12.76057,47.72584,632 12.76032,47.72581,631 12.76039,47.72569,631 12.76178,47.7247,631 12.76253,47.72435,630 12.76256,47.72404,629 12.7623,47.72376,629 12.76353,47.72259,627 12.76405,47.72201,626 12.76566,47.72105,619 12.76727,47.72019,616 12.7675,47.72007,616 12.76829,47.71944,613 12.76982,47.71916,612 12.77119,47.71852,612 12.77239,47.71757,608 12.7735,47.71635,606 12.77355,47.71632,606 12.77435,47.71593,606 12.77466,47.71611,606 12.77551,47.71548,606 12.77653,47.71423,608 12.77717,47.7134,608 12.77814,47.71311,607 12.77949,47.71297,604 12.78028,47.71235,604 12.78158,47.71196,608 12.78356,47.71174,618 12.78359,47.71174,618 12.78419,47.71151,622 12.7845,47.71151,625 12.78424,47.71173,626 12.78555,47.71173,630 12.7863,47.71245,636 12.78664,47.71238,637 12.78679,47.71198,637 12.78757,47.71199,634 12.7895,47.71158,642 12.78962,47.71158,641 12.79109,47.7117,644 12.7916,47.71276,656 12.79169,47.71375,676 12.79207,47.7144,685 12.79337,47.71431,691 12.79464,47.71522,697 12.79601,47.71575,694 12.79657,47.71582,694 12.79774,47.71653,700 12.799,47.71672,707 12.80033,47.71729,716 12.80076,47.71706,718 12.80197,47.71759,722 12.8022,47.71815,724 12.80329,47.71942,732 12.80329,47.71942,732 12.8046,47.72023,744 12.80564,47.72146,758 12.8068,47.72271,761 12.80719,47.72322,769 12.80776,47.72363,770 12.808,47.7247,765 12.80979,47.72546,781 12.81093,47.72605,798 12.81312,47.72616,828 12.81359,47.72616,833 12.81368,47.7266,835 12.81391,47.7267,836 12.81441,47.72616,841 12.8154,47.72607,850 12.81635,47.72619,864 12.81723,47.72593,876 12.818,47.72597,880 12.81824,47.72567,882 12.81905,47.72601,882 12.82,47.72602,877 12.82076,47.72643,869 12.82152,47.72627,861 12.82191,47.72637,857 12.82199,47.72664,852 12.82328,47.72699,831 12.82374,47.72694,825 12.82431,47.72664,816 12.82523,47.72707,812 12.82616,47.72705,809 12.82706,47.72728,808 12.82805,47.72709,795 12.82846,47.72634,778 12.82957,47.72639,764 12.82879,47.72599,754 12.82862,47.72566,741 12.82867,47.72484,717 12.82914,47.72454,701 12.82918,47.72395,684 12.83123,47.72372,651 12.83228,47.72355,634 12.8342,47.72309,607 12.83467,47.72295,602 12.83589,47.72239,591 12.83382,47.72239,576 12.83177,47.72224,561 12.83055,47.72221,556 12.82919,47.72175,552 12.82808,47.72165,550 12.82624,47.7211,547 12.8254,47.72082,545 12.82448,47.72069,541 12.82285,47.71986,541 12.82178,47.7194,542 12.8219,47.71924,543 12.82126,47.71912,543 12.82067,47.71877,543 12.81995,47.71777,539 12.81844,47.71679,539 12.81841,47.71674,540 12.81844,47.71646,540 12.81894,47.71605,540 12.82052,47.7167,544 12.82256,47.71728,543 12.82453,47.71779,544 12.82571,47.71814,545 12.82774,47.7179,544 12.82938,47.71773,543 12.83136,47.71831,538 12.83185,47.71843,537 12.83399,47.7183,544 12.83605,47.71826,542 12.83659,47.71825,535 12.83862,47.71774,520 12.83894,47.71771,520 12.84107,47.71776,527 12.84128,47.71779,526 12.84332,47.71842,510 12.84474,47.71871,500 12.84569,47.71962,490 12.84618,47.71985,488 12.84833,47.72016,482 12.85005,47.72043,473 12.8521,47.72028,467 12.85354,47.72021,466 12.85474,47.71969,468 12.85684,47.71987,467 12.85798,47.71994,467 12.85878,47.71965,469 12.85914,47.71926,471 12.86051,47.71954,470 12.86254,47.71958,467 12.86465,47.71965,472 12.86492,47.71966,473 12.86626,47.71986,473 12.86759,47.71925,471 12.86959,47.71863,471 12.87077,47.71816,471 12.8712,47.71817,471 12.87299,47.71879,472 12.87321,47.7187,472 12.87399,47.71886,473 12.87404,47.71901,473 12.87491,47.71907,474 12.87559,47.72044,474 12.8759,47.72098,474 12.87687,47.72231,474 12.87719,47.72264,475 12.87791,47.7224,474 12.87919,47.72346,471 12.88023,47.72441,471 12.88082,47.72441,472 12.88132,47.72493,474 12.88225,47.72454,476 12.88319,47.725,481 12.8838,47.72566,482 12.88387,47.72612,481 12.88435,47.72641,479 12.88437,47.72662,478 12.88384,47.7269,478</coordinates></LineString></Placemark>
<Placemark><name>Aschauer Klamm–Lofer (75.7 km, 1514 m)</name><description><![CDATA[<b>Aschauer Klamm–Lofer</b> – GENERÁLT NYOMVONAL<br/>Egész napos völgyi túra a Saalach mentén Loferig. A Saalachsee után a régi völgyi utakon Schneizlreuthba, majd a Mußbach és az Aschauer Klamm erdei útjain Melleckhez érsz, átlépsz Ausztriába, és a Tauernradweg Saalach-szakaszán Unkenen át Loferig tekersz. Visszafelé a folyó túlsó partján, ahol lehet, más úton.<br/><br/>Táv: 75.7 km · Szint: 1514 m · Max: 882 m · Idő: ~6.4 ó<br/>Nehézség: nehéz · Értékelés: ★★★★☆<br/>Burkolat: aszfalt 41.4%, kemény murva 55.7%, laza/erdei 0.1%, ösvény 2.8%<br/>Indulás: Közvetlenül a szálloda elől indul | Autóval ~22 perc: Unken, Parkplatz Ortsmitte | Vonattal: Bad Reichenhall Hbf (gyalog/bringával 0,5 km a szállodától)<br/>Október: Az Aschauer Klamm gyalogos szurdokösvényét a track megkerüli az erdei úton – a szurdok bejáratánál érdemes 15 percre letenni a bringát. Lofer után a visszaút 50 km – 15 óra után már ne fordulj tovább dél felé.]]></description><styleUrl>#nehez</styleUrl><LineString><tessellate>1</tessellate><coordinates>12.88384,47.7269,478 12.88437,47.72662,478 12.88435,47.72641,479 12.88387,47.72612,481 12.8838,47.72566,482 12.88319,47.725,481 12.88225,47.72454,476 12.88132,47.72493,474 12.88082,47.72441,472 12.88023,47.72441,470 12.87903,47.72332,472 12.87791,47.7224,474 12.87719,47.72264,475 12.87621,47.72143,474 12.8759,47.72098,474 12.87513,47.71966,474 12.87491,47.71907,474 12.87325,47.71872,473 12.87301,47.71876,473 12.87369,47.71834,474 12.87385,47.71695,477 12.87384,47.71687,477 12.87315,47.71562,483 12.87208,47.71447,481 12.87038,47.71366,483 12.86914,47.71316,483 12.86816,47.71289,481 12.86759,47.71233,482 12.86607,47.7116,488 12.86511,47.7109,487 12.86329,47.71016,491 12.86279,47.70995,492 12.86192,47.70937,493 12.86173,47.70882,493 12.86192,47.70937,494 12.86132,47.70859,496 12.85974,47.7076,496 12.85827,47.70664,495 12.85742,47.70595,496 12.85629,47.70584,496 12.85449,47.70516,493 12.85432,47.70511,493 12.85346,47.70509,489 12.85305,47.70491,489 12.85275,47.70443,490 12.85321,47.70405,491 12.8531,47.70313,496 12.85269,47.70207,497 12.85166,47.70081,493 12.85141,47.70052,493 12.85092,47.69958,495 12.85042,47.69917,497 12.85005,47.69787,500 12.84925,47.69747,496 12.84892,47.69687,494 12.84911,47.69675,494 12.84819,47.6954,498 12.84739,47.69401,497 12.84716,47.69363,496 12.84681,47.6936,496 12.84627,47.69319,494 12.84545,47.69292,494 12.84504,47.69172,492 12.84449,47.69084,493 12.84303,47.68979,497 12.84176,47.68885,497 12.84014,47.68788,501 12.83852,47.68694,497 12.83802,47.68657,497 12.83703,47.68523,497 12.83641,47.68435,495 12.83571,47.683,501 12.83523,47.68223,505 12.83383,47.68117,510 12.83353,47.68097,512 12.83196,47.68011,517 12.83027,47.67933,512 12.82964,47.67896,509 12.8285,47.67869,503 12.82833,47.67837,500 12.82795,47.67838,500 12.82783,47.67864,500 12.82651,47.67914,502 12.82595,47.67904,503 12.82446,47.67922,508 12.82386,47.67916,509 12.82307,47.67842,511 12.82274,47.67872,511 12.82217,47.67834,511 12.82062,47.67865,514 12.81978,47.67859,518 12.81963,47.67987,524 12.81847,47.68016,528 12.81807,47.68045,529 12.81763,47.68186,524 12.81744,47.68222,522 12.81588,47.68323,514 12.81423,47.68424,511 12.81401,47.68437,511 12.81287,47.68477,523 12.81216,47.68444,527 12.81152,47.68546,531 12.8116,47.68614,526 12.81128,47.68657,521 12.81059,47.68659,521 12.80886,47.68589,523 12.80849,47.68565,522 12.8079,47.68568,522 12.80626,47.68652,522 12.8048,47.68693,520 12.80396,47.687,516 12.80357,47.68756,513 12.80283,47.68777,508 12.80266,47.6885,507 12.80227,47.68864,506 12.80177,47.68917,507 12.80163,47.69037,510 12.80042,47.69001,516 12.79966,47.69018,519 12.79873,47.68964,526 12.79769,47.68945,531 12.79702,47.68908,530 12.79664,47.68801,517 12.79689,47.68797,515 12.79642,47.68772,513 12.79626,47.68749,512 12.79639,47.68731,512 12.79496,47.68617,518 12.7935,47.68507,524 12.79209,47.68395,524 12.79117,47.6831,526 12.78969,47.68213,531 12.78828,47.68116,535 12.78799,47.68095,535 12.78739,47.68034,531 12.78698,47.67947,525 12.7862,47.67873,527 12.78541,47.67869,532 12.78473,47.67829,538 12.78478,47.67864,543 12.78455,47.67892,549 12.78316,47.67949,575 12.78215,47.6803,580 12.78073,47.68091,570 12.77969,47.68118,569 12.77835,47.68111,571 12.77757,47.68084,572 12.77557,47.68058,577 12.77542,47.68056,577 12.77353,47.6801,580 12.77324,47.68003,580 12.77222,47.67961,578 12.77123,47.6795,578 12.76966,47.67884,582 12.76832,47.67782,590 12.76805,47.67765,590 12.76693,47.67652,591 12.76686,47.67645,591 12.76597,47.67519,598 12.76569,47.67478,599 12.76538,47.67482,598 12.76492,47.67433,597 12.76419,47.67413,597 12.76256,47.67312,605 12.76202,47.67287,608 12.76,47.6724,610 12.75863,47.67209,612 12.75716,47.67107,613 12.75712,47.67104,613 12.75609,47.67023,612 12.75565,47.66927,605 12.75572,47.66906,606 12.75644,47.66888,605 12.75648,47.66867,604 12.75525,47.66885,596 12.75506,47.66944,590 12.75461,47.66968,587 12.75413,47.66957,584 12.75408,47.6688,577 12.75436,47.66838,574 12.75484,47.66823,574 12.75468,47.66719,567 12.75558,47.66695,565 12.75693,47.66699,562 12.75766,47.66675,558 12.75743,47.66628,555 12.75736,47.66484,543 12.75797,47.66433,538 12.75723,47.66401,532 12.757,47.66364,531 12.75629,47.66366,532 12.7562,47.66298,537 12.75622,47.66277,540 12.75652,47.66267,543 12.75736,47.66262,546 12.75935,47.66332,537 12.75971,47.6634,536 12.76176,47.66352,538 12.76384,47.66378,539 12.76473,47.66384,534 12.76605,47.66483,528 12.76716,47.66505,528 12.76751,47.66558,528 12.76966,47.6656,525 12.77008,47.66559,524 12.77125,47.6653,525 12.77255,47.66556,529 12.77331,47.66591,530 12.77465,47.66693,527 12.77494,47.66724,526 12.77656,47.66814,529 12.77661,47.66817,529 12.77785,47.66929,523 12.77855,47.66935,524 12.77904,47.6696,525 12.77994,47.67091,520 12.78007,47.67106,519 12.78088,47.6709,519 12.78229,47.6719,526 12.78239,47.67191,526 12.78396,47.67174,534 12.78485,47.67128,537 12.78426,47.67177,536 12.78441,47.67217,535 12.78418,47.67214,534 12.7839,47.67172,533 12.78218,47.67187,524 12.78088,47.6709,519 12.78007,47.67106,519 12.77921,47.66974,525 12.77904,47.6696,525 12.77855,47.66935,524 12.77785,47.66929,523 12.77661,47.66817,529 12.77502,47.66728,526 12.77494,47.66724,526 12.77359,47.66612,538 12.77332,47.66591,543 12.77373,47.66502,576 12.77347,47.66467,582 12.77287,47.66459,589 12.77238,47.66424,589 12.77179,47.66414,591 12.77039,47.66337,589 12.76979,47.66326,585 12.76836,47.66359,571 12.7679,47.66297,570 12.76758,47.66292,570 12.7667,47.66311,560 12.76674,47.66355,549 12.76626,47.66419,539 12.76587,47.66436,535 12.76443,47.66377,535 12.76244,47.66361,543 12.76046,47.66349,537 12.76015,47.66347,537 12.75826,47.66294,544 12.75697,47.6626,546 12.75622,47.66277,539 12.75624,47.66375,531 12.7542,47.66416,543 12.75404,47.66422,546 12.7538,47.66532,560 12.75341,47.66568,562 12.7535,47.66614,565 12.75383,47.66636,566 12.75364,47.66657,567 12.75425,47.66784,573 12.754,47.66807,575 12.75205,47.66875,587 12.75151,47.669,587 12.75125,47.66944,587 12.75149,47.66964,586 12.75201,47.66973,585 12.7534,47.66959,585 12.75434,47.66982,589 12.75491,47.66959,595 12.75522,47.66963,598 12.75661,47.67064,614 12.75806,47.67172,610 12.75811,47.67176,610 12.75892,47.67188,608 12.76057,47.6718,606 12.76092,47.67215,607 12.76095,47.67246,608 12.76137,47.67266,610 12.76102,47.67287,612 12.76117,47.6731,616 12.76062,47.6739,634 12.76016,47.67404,639 12.76,47.67391,641 12.76007,47.67349,644 12.7594,47.67285,643 12.75766,47.67246,649 12.75593,47.6716,635 12.75558,47.67148,630 12.75568,47.6707,620 12.75631,47.6704,613 12.75564,47.66917,606 12.75639,47.66892,605 12.7565,47.66869,604 12.75623,47.66862,603 12.75529,47.66884,596 12.75491,47.66959,588 12.7542,47.66963,584 12.75401,47.66922,580 12.75442,47.66797,572 12.75365,47.66661,568 12.75363,47.66654,568 12.75243,47.66545,563 12.75221,47.66528,564 12.75177,47.66514,566 12.75114,47.66525,567 12.7503,47.66506,575 12.74966,47.66531,582 12.74944,47.66575,588 12.74864,47.66568,590 12.74827,47.66535,589 12.7461,47.66538,581 12.74575,47.6654,581 12.74413,47.6648,583 12.74274,47.66449,587 12.74166,47.66388,584 12.73966,47.66324,588 12.73915,47.66303,590 12.7378,47.66291,593 12.73744,47.66263,593 12.73658,47.66236,591 12.73611,47.66188,593 12.73492,47.6617,593 12.7346,47.6615,593 12.73341,47.66032,582 12.73326,47.66018,582 12.7332,47.65948,580 12.73241,47.65906,579 12.73168,47.65904,577 12.73209,47.65869,575 12.73221,47.65824,572 12.73154,47.65823,570 12.73147,47.65801,570 12.73015,47.65749,574 12.72998,47.65715,575 12.72953,47.65716,578 12.7291,47.65677,581 12.72812,47.65658,586 12.72869,47.65605,586 12.72899,47.65512,577 12.72949,47.6544,570 12.72964,47.65329,554 12.72904,47.65247,551 12.72897,47.65205,548 12.72963,47.65073,542 12.7299,47.65035,544 12.72815,47.64978,551 12.72694,47.64967,557 12.72554,47.64928,564 12.72483,47.64795,569 12.72427,47.64698,574 12.7233,47.64588,576 12.72205,47.64524,578 12.72013,47.64468,581 12.71892,47.64432,582 12.72017,47.64359,579 12.72041,47.6429,573 12.72144,47.64269,563 12.72172,47.6423,558 12.72368,47.64234,550 12.72563,47.64265,548 12.72624,47.64272,546 12.72698,47.64274,545 12.72715,47.6426,544 12.72704,47.64205,545 12.72642,47.64202,548 12.72642,47.64181,550 12.72671,47.64097,554 12.72729,47.64024,554 12.72746,47.63927,559 12.72756,47.63821,569 12.72736,47.63691,556 12.7276,47.63676,553 12.72771,47.63537,556 12.72791,47.63401,572 12.72797,47.63375,574 12.72781,47.6332,581 12.72799,47.63185,578 12.728,47.6318,578 12.72771,47.63086,560 12.72708,47.63029,560 12.72547,47.62945,562 12.72381,47.62867,561 12.72292,47.62823,559 12.72158,47.62721,550 12.72105,47.62696,549 12.72059,47.62557,553 12.72043,47.62529,555 12.71885,47.62432,560 12.71733,47.62339,556 12.71594,47.6223,556 12.71472,47.62136,562 12.71406,47.62067,561 12.71378,47.62053,561 12.712,47.62035,565 12.71087,47.61991,570 12.70984,47.61921,571 12.70945,47.61813,562 12.70837,47.61684,562 12.70808,47.61641,561 12.70757,47.61503,563 12.70721,47.61425,564 12.70659,47.61297,568 12.70609,47.61226,572 12.70604,47.61143,575 12.70559,47.61118,575 12.7061,47.61024,575 12.7062,47.6096,574 12.70545,47.6085,575 12.70536,47.60776,578 12.70584,47.6071,579 12.70702,47.60647,577 12.70704,47.60583,578 12.70673,47.60531,578 12.70491,47.60473,581 12.70457,47.6046,583 12.70395,47.60402,585 12.70364,47.60306,587 12.70387,47.60267,588 12.70385,47.60204,592 12.70325,47.60072,600 12.70322,47.60064,600 12.7027,47.60021,603 12.70223,47.59879,612 12.70215,47.59855,612 12.70149,47.59788,613 12.69982,47.59708,617 12.69909,47.59674,620 12.69863,47.59629,621 12.69799,47.59502,621 12.69767,47.5944,624 12.69729,47.59402,623 12.69713,47.59345,624 12.69593,47.5923,621 12.695,47.59131,628 12.69512,47.59016,624 12.6957,47.58991,621 12.69581,47.58927,619 12.69434,47.58836,623 12.69384,47.58812,624 12.69317,47.58738,626 12.69348,47.58711,626 12.6935,47.58676,627 12.69462,47.58692,627 12.69537,47.58676,627 12.69708,47.58585,628 12.69732,47.58568,628 12.69765,47.58559,628 12.69789,47.58578,628 12.69814,47.58567,627 12.69888,47.58528,626 12.69879,47.58514,626 12.69913,47.58526,626 12.7006,47.5851,627 12.70265,47.58455,627 12.70318,47.5852,628 12.70438,47.58505,628 12.70571,47.58464,628 12.70726,47.58564,635 12.708,47.58616,637 12.7085,47.58722,640 12.70949,47.58841,647 12.70953,47.58847,647 12.70914,47.58873,650 12.70931,47.58972,658 12.71018,47.59093,662 12.71066,47.59176,655 12.71059,47.59247,651 12.71189,47.59369,643 12.71301,47.59481,641 12.71349,47.59525,642 12.71433,47.59648,638 12.71493,47.59722,632 12.71427,47.59857,621 12.7149,47.59959,619 12.71482,47.60041,619 12.71405,47.60142,617 12.71379,47.60226,613 12.71322,47.6031,609 12.71351,47.60344,608 12.71344,47.60449,608 12.71382,47.60499,610 12.71368,47.60576,612 12.71402,47.60642,612 12.71357,47.60705,610 12.71199,47.60754,596 12.71154,47.60806,590 12.71071,47.60805,586 12.71143,47.60927,599 12.7106,47.60912,603 12.70937,47.60974,617 12.70963,47.61102,625 12.71065,47.61223,613 12.71165,47.61345,623 12.71276,47.61395,636 12.71364,47.6152,647 12.71428,47.6162,655 12.71461,47.61648,658 12.71501,47.61651,660 12.71565,47.61753,661 12.71628,47.61787,658 12.71719,47.61879,643 12.71753,47.61889,640 12.71775,47.61919,634 12.71902,47.61889,621 12.71985,47.61921,613 12.72108,47.62003,598 12.72139,47.62073,591 12.7229,47.62179,584 12.72441,47.62286,578 12.72502,47.62331,576 12.72522,47.62442,579 12.7263,47.62569,578 12.7278,47.62565,579 12.72939,47.62649,585 12.72939,47.62649,585 12.7312,47.627,588 12.73238,47.62779,593 12.73368,47.6289,601 12.73479,47.62995,611 12.73499,47.6303,615 12.73426,47.63049,618 12.73257,47.63142,616 12.73225,47.63165,613 12.73115,47.63147,607 12.73,47.63063,589 12.72981,47.63153,567 12.72949,47.63171,563 12.72891,47.63176,562 12.72867,47.63268,570 12.72887,47.63295,577 12.72868,47.63363,594 12.72879,47.63474,587 12.72837,47.63589,552 12.72854,47.63705,560 12.72818,47.63738,565 12.72831,47.63841,567 12.72896,47.63922,562 12.72866,47.63954,560 12.72846,47.64036,558 12.7287,47.64067,560 12.73028,47.64152,562 12.73116,47.64206,558 12.73104,47.64235,557 12.73148,47.64297,556 12.73168,47.64445,550 12.73172,47.64465,549 12.73096,47.64467,549 12.7301,47.64582,548 12.72976,47.64718,542 12.7297,47.64749,542 12.7298,47.64863,543 12.73008,47.64924,543 12.73026,47.64921,542 12.73049,47.64989,540 12.73103,47.64984,539 12.73157,47.65003,539 12.73236,47.65118,538 12.7333,47.65209,538 12.73332,47.65221,538 12.73249,47.65252,537 12.73402,47.65355,537 12.73404,47.6538,537 12.73368,47.65417,537 12.73416,47.65466,537 12.73457,47.65587,538 12.73443,47.65718,543 12.73405,47.65755,543 12.7347,47.65773,543 12.73527,47.65823,541 12.73616,47.65864,538 12.73835,47.659,534 12.73925,47.6591,533 12.73997,47.65934,534 12.74122,47.66043,537 12.74205,47.66106,538 12.74402,47.6615,543 12.7441,47.66153,543 12.74416,47.66221,547 12.74438,47.66239,548 12.74502,47.66222,548 12.74583,47.66251,543 12.74588,47.66236,543 12.74643,47.6625,542 12.74739,47.66322,540 12.7493,47.66391,546 12.75072,47.66433,549 12.75147,47.66442,549 12.75294,47.66408,545 12.75411,47.66418,541 12.75572,47.6639,532 12.75629,47.66366,530 12.757,47.66364,531 12.75723,47.66401,533 12.75797,47.66433,538 12.75736,47.66484,543 12.75742,47.6662,553 12.75743,47.66628,553 12.75766,47.66675,553 12.75862,47.6675,555 12.76067,47.66762,548 12.76084,47.66761,547 12.76296,47.66738,535 12.76345,47.66733,534 12.76564,47.6676,538 12.76684,47.66744,536 12.76882,47.66763,532 12.77004,47.66762,527 12.77134,47.66818,521 12.77166,47.668,521 12.772,47.66805,520 12.77267,47.66854,521 12.77375,47.66976,533 12.77381,47.66983,534 12.7747,47.6703,533 12.77627,47.6708,529 12.77722,47.67173,530 12.77815,47.67202,529 12.77828,47.67223,528 12.77952,47.67293,531 12.78024,47.67357,530 12.7812,47.67486,532 12.78231,47.67609,540 12.78275,47.67671,540 12.78421,47.67766,528 12.78568,47.67858,525 12.78589,47.67874,524 12.78626,47.67877,524 12.78698,47.67947,525 12.78739,47.68034,532 12.78843,47.68131,534 12.78991,47.68227,529 12.79117,47.6831,525 12.79243,47.68422,524 12.79385,47.68534,522 12.79529,47.68642,516 12.79651,47.68754,512 12.79731,47.68817,514 12.79883,47.68908,513 12.79961,47.6895,514 12.79967,47.69023,518 12.80078,47.69132,522 12.80064,47.69197,524 12.80114,47.69304,523 12.802,47.69385,518 12.80254,47.69383,520 12.80292,47.69526,528 12.8029,47.69601,530 12.80211,47.69722,531 12.80194,47.69736,531 12.8018,47.69712,532 12.80105,47.69836,539 12.80098,47.69973,565 12.80084,47.70125,576 12.8009,47.70178,581 12.80183,47.70297,600 12.80273,47.70396,613 12.80447,47.70431,624 12.80543,47.70509,626 12.8059,47.70513,626 12.80734,47.70484,625 12.80818,47.70525,627 12.80652,47.70553,641 12.80683,47.70562,645 12.80756,47.70634,659 12.80612,47.70606,669 12.80451,47.70523,659 12.80419,47.70509,657 12.80281,47.70519,653 12.80119,47.70505,643 12.79998,47.70532,640 12.79954,47.70589,634 12.79773,47.70679,636 12.79711,47.7071,640 12.79616,47.70778,642 12.79575,47.7083,639 12.79399,47.70909,632 12.7934,47.70943,632 12.79256,47.71073,642 12.7922,47.71128,637 12.79178,47.71161,636 12.79124,47.7117,636 12.7895,47.71158,642 12.78757,47.71199,634 12.78679,47.71198,637 12.78645,47.71245,637 12.78618,47.71239,634 12.7855,47.71171,630 12.78424,47.71173,627 12.78447,47.71149,625 12.78359,47.71174,619 12.78158,47.71196,608 12.78028,47.71235,604 12.77949,47.71297,604 12.77764,47.71322,607 12.77693,47.71354,609 12.77605,47.71487,607 12.77599,47.71496,607 12.77471,47.71609,607 12.77466,47.71611,607 12.77661,47.71566,618 12.77668,47.71566,618 12.77741,47.7169,643 12.77797,47.7181,662 12.77846,47.7168,683 12.77872,47.7163,689 12.77917,47.71609,693 12.77933,47.71543,698 12.78045,47.71432,715 12.7805,47.71426,717 12.78195,47.71401,737 12.78273,47.71422,743 12.78327,47.71412,748 12.78404,47.71429,755 12.78538,47.71426,764 12.7859,47.71473,766 12.7867,47.71503,769 12.78706,47.71479,769 12.78761,47.71478,769 12.78794,47.71453,769 12.78902,47.71423,772 12.7905,47.71492,773 12.79081,47.71593,778 12.79119,47.716,778 12.79243,47.71583,773 12.79285,47.71645,771 12.79452,47.71734,763 12.79477,47.71749,761 12.7964,47.71786,752 12.79785,47.71857,744 12.79861,47.71857,741 12.79922,47.7184,739 12.80027,47.71854,732 12.80088,47.71844,729 12.80098,47.71829,727 12.80033,47.71729,718 12.80076,47.71706,719 12.80197,47.71759,722 12.8022,47.71815,724 12.80329,47.71942,732 12.80329,47.71942,732 12.8046,47.72023,744 12.80564,47.72146,758 12.8068,47.72271,761 12.80719,47.72322,769 12.80776,47.72363,770 12.808,47.7247,765 12.80979,47.72546,781 12.81093,47.72605,798 12.81312,47.72616,828 12.81359,47.72616,833 12.81368,47.7266,835 12.81391,47.7267,836 12.81441,47.72616,841 12.8154,47.72607,850 12.81635,47.72619,864 12.81723,47.72593,876 12.818,47.72597,880 12.81824,47.72567,882 12.81905,47.72601,882 12.82,47.72602,877 12.82076,47.72643,869 12.82152,47.72627,861 12.82191,47.72637,857 12.82199,47.72664,852 12.82328,47.72699,831 12.82374,47.72694,825 12.82431,47.72664,816 12.82523,47.72707,812 12.82616,47.72705,809 12.82706,47.72728,808 12.82818,47.72701,792 12.82846,47.72634,778 12.82957,47.72639,764 12.82879,47.72599,754 12.82862,47.72566,741 12.82867,47.72484,717 12.82914,47.72454,701 12.82918,47.72395,684 12.83123,47.72372,651 12.83228,47.72355,634 12.8342,47.72309,607 12.83467,47.72295,602 12.83589,47.72239,593 12.8381,47.72258,581 12.839,47.72265,576 12.84059,47.72302,565 12.84232,47.72386,555 12.84252,47.72401,553 12.84297,47.72449,552 12.84342,47.72586,547 12.8437,47.72634,542 12.84571,47.72638,517 12.84639,47.72633,512 12.8473,47.72686,510 12.84824,47.72696,508 12.84892,47.72757,505 12.84985,47.72785,498 12.85065,47.72856,488 12.8513,47.72867,483 12.85249,47.72859,477 12.85405,47.72755,470 12.85507,47.72688,466 12.85648,47.72688,465 12.85802,47.72778,465 12.85937,47.72853,465 12.8612,47.72919,466 12.86233,47.72949,469 12.86324,47.7304,472 12.86517,47.73117,472 12.86694,47.7319,474 12.86782,47.73228,473 12.86856,47.73275,470 12.86966,47.73263,466 12.87086,47.73207,468 12.87189,47.7309,466 12.8722,47.73048,465 12.87393,47.73122,467 12.87397,47.73124,467 12.87519,47.72998,469 12.87634,47.72882,470 12.8781,47.72789,470 12.87973,47.72706,471 12.88111,47.72633,470 12.88209,47.72703,469 12.88311,47.72749,471 12.88384,47.7269,472</coordinates></LineString></Placemark>
<Placemark><name>Högl-dombhát (30.9 km, 636 m)</name><description><![CDATA[<b>Högl-dombhát</b> – GENERÁLT NYOMVONAL<br/>Rövid, kilátásos kör a Högl dombhátán, a Salzach-medence és a Berchtesgadeni-Alpok panorámájával. Pidingről a Johannishöglre kapaszkodsz, a dombtetőn Ulrichshögl kápolnája mellett haladsz, majd Aufhamon át ereszkedsz vissza. Délutáni rövid körnek tökéletes.<br/><br/>Táv: 30.9 km · Szint: 636 m · Max: 832 m · Idő: ~2.6 ó<br/>Nehézség: közepes · Értékelés: ★★★☆☆<br/>Burkolat: aszfalt 56.6%, kemény murva 38.6%, laza/erdei 0.0%, ösvény 4.8%<br/>Indulás: Közvetlenül a szálloda elől indul | Autóval ~12 perc: Anger, Scheiterparkplatz | Vonattal: Piding (~6 perc Bad Reichenhall Hbf-ről)<br/>Október: A Johannishögl Berggasthof októberben hétköznap rövidebben tart nyitva.]]></description><styleUrl>#kozepes</styleUrl><LineString><tessellate>1</tessellate><coordinates>12.88384,47.7269,472 12.88311,47.72749,471 12.88394,47.72772,471 12.88465,47.7287,469 12.88606,47.72973,468 12.88728,47.73071,466 12.8879,47.7317,465 12.88899,47.73286,463 12.8898,47.73392,464 12.8905,47.73518,463 12.89072,47.73556,462 12.89139,47.73623,461 12.88993,47.73717,462 12.8898,47.73724,462 12.8907,47.73798,461 12.88915,47.73896,460 12.88912,47.73899,460 12.89077,47.73974,459 12.8915,47.74003,459 12.89259,47.7408,460 12.89435,47.74174,460 12.89549,47.74227,459 12.89619,47.74363,458 12.89671,47.74455,459 12.89821,47.74558,458 12.90007,47.7463,458 12.90082,47.74653,458 12.89994,47.7476,458 12.90078,47.74854,460 12.90143,47.7482,456 12.90219,47.74862,453 12.9027,47.74944,456 12.90373,47.75021,456 12.90448,47.75045,455 12.90453,47.75088,456 12.90589,47.75197,455 12.90598,47.75204,454 12.9066,47.75269,453 12.9065,47.75281,453 12.90786,47.75393,453 12.90922,47.75506,452 12.9103,47.75597,452 12.90869,47.7569,451 12.90833,47.75711,451 12.90974,47.7582,451 12.91096,47.75919,452 12.91109,47.75968,451 12.91138,47.75982,451 12.91158,47.75971,451 12.91071,47.76005,451 12.91157,47.76068,451 12.91256,47.76198,450 12.91269,47.76218,450 12.91328,47.76362,450 12.91338,47.76396,450 12.913,47.7645,450 12.91106,47.76519,449 12.91076,47.76527,449 12.9109,47.76555,450 12.91069,47.76696,451 12.91064,47.76729,451 12.91133,47.76821,453 12.91208,47.76862,455 12.91257,47.76952,456 12.91421,47.76986,456 12.91472,47.77029,455 12.91472,47.7711,454 12.91526,47.77196,454 12.91464,47.77329,452 12.91417,47.77416,454 12.91413,47.77534,458 12.91481,47.77606,466 12.91537,47.77611,471 12.91566,47.77641,475 12.91549,47.77766,498 12.91615,47.77838,515 12.91569,47.77892,529 12.91644,47.77917,538 12.91685,47.77968,541 12.91689,47.78043,542 12.91722,47.78091,544 12.91699,47.78194,549 12.91768,47.78199,553 12.91926,47.78253,561 12.92044,47.78275,564 12.92085,47.78319,566 12.92165,47.78355,573 12.92205,47.78459,594 12.92299,47.7858,617 12.92324,47.7861,622 12.92465,47.7871,634 12.92479,47.78723,637 12.92283,47.78674,646 12.92191,47.78657,649 12.92329,47.78763,671 12.92359,47.78795,675 12.92427,47.78823,685 12.92451,47.7891,696 12.92502,47.78954,695 12.9248,47.78987,691 12.92378,47.78979,686 12.92363,47.78939,684 12.92343,47.78932,683 12.92278,47.78941,681 12.92221,47.78969,680 12.92219,47.78997,680 12.92321,47.79114,690 12.92326,47.7912,691 12.92319,47.79183,692 12.92275,47.79212,690 12.92219,47.79298,680 12.92142,47.79348,674 12.92197,47.79386,673 12.92252,47.79389,674 12.92286,47.79413,674 12.92301,47.79434,674 12.92278,47.79475,672 12.92283,47.79551,667 12.92349,47.79576,662 12.92445,47.79585,656 12.92492,47.79681,637 12.92492,47.79743,631 12.92468,47.7976,630 12.92393,47.79751,627 12.9235,47.79794,625 12.92344,47.79886,617 12.923,47.80022,611 12.9228,47.80067,607 12.92298,47.80116,598 12.92355,47.80134,589 12.92411,47.80183,578 12.92485,47.80308,561 12.92494,47.80326,559 12.92493,47.80363,557 12.92412,47.80491,549 12.92395,47.80516,548 12.92395,47.80556,548 12.92562,47.80648,539 12.92649,47.80697,528 12.92783,47.80733,521 12.92823,47.80768,520 12.92702,47.80879,527 12.92494,47.80877,543 12.92472,47.80881,546 12.92388,47.80939,554 12.92427,47.80956,556 12.92465,47.80927,557 12.92427,47.80956,557 12.92388,47.80939,557 12.92343,47.80961,557 12.92279,47.80963,557 12.92098,47.80883,566 12.92048,47.80853,573 12.91993,47.80843,579 12.91774,47.80863,609 12.91641,47.80873,623 12.91586,47.80808,632 12.91623,47.80753,638 12.91594,47.80747,642 12.91463,47.8074,659 12.91327,47.80806,679 12.91196,47.80834,700 12.90995,47.80804,732 12.90959,47.80802,735 12.90844,47.80746,751 12.90641,47.80724,771 12.90568,47.80721,776 12.90549,47.80671,781 12.90455,47.80674,790 12.90453,47.8072,801 12.9036,47.80778,814 12.9029,47.80765,819 12.90233,47.80776,821 12.90171,47.80767,823 12.90156,47.80795,824 12.90055,47.80826,830 12.90031,47.80791,832 12.89887,47.80721,825 12.89731,47.80689,799 12.89704,47.80663,794 12.89751,47.80612,776 12.8971,47.80582,770 12.89707,47.8054,765 12.89551,47.80563,750 12.89408,47.80554,743 12.89344,47.80494,731 12.89327,47.80379,711 12.89194,47.80261,702 12.89179,47.80247,700 12.88981,47.80233,695 12.88955,47.80221,694 12.88969,47.80195,693 12.89039,47.80155,686 12.89216,47.8008,666 12.89305,47.80055,661 12.89297,47.80005,657 12.89248,47.79949,650 12.89046,47.79919,644 12.89012,47.79917,642 12.88793,47.79942,627 12.88716,47.79953,625 12.8866,47.79973,623 12.88524,47.80076,623 12.88477,47.80103,623 12.88417,47.80039,622 12.88407,47.79971,618 12.88487,47.79831,606 12.88576,47.79719,600 12.88574,47.79575,576 12.88566,47.79558,573 12.88426,47.7948,560 12.88237,47.7941,565 12.88218,47.79407,566 12.88228,47.79311,567 12.88147,47.79273,563 12.8811,47.79167,547 12.88081,47.79141,547 12.88016,47.79135,547 12.87891,47.79207,551 12.87828,47.79199,549 12.87803,47.79166,547 12.87599,47.79157,539 12.87567,47.79152,539 12.875,47.79068,533 12.87473,47.78964,510 12.87484,47.78908,502 12.87562,47.7884,494 12.87568,47.78707,486 12.87556,47.78659,486 12.87478,47.78652,487 12.87345,47.78603,489 12.8729,47.78552,492 12.87152,47.78512,495 12.87095,47.78479,497 12.87007,47.78504,500 12.86892,47.78438,504 12.86898,47.78415,505 12.86761,47.78316,512 12.86753,47.78311,513 12.86774,47.78295,514 12.86753,47.78311,516 12.86702,47.78275,518 12.86693,47.7824,519 12.86757,47.78218,522 12.8672,47.78196,521 12.86834,47.78138,517 12.8691,47.78133,512 12.8712,47.78162,499 12.87181,47.7817,497 12.87285,47.78044,490 12.87405,47.77914,480 12.87462,47.77855,478 12.87478,47.7785,477 12.87575,47.77895,476 12.87644,47.77895,475 12.87725,47.77762,472 12.8775,47.77735,471 12.87953,47.7778,470 12.88052,47.77801,471 12.88209,47.77903,473 12.88304,47.77994,472 12.88486,47.77918,469 12.88562,47.77887,468 12.88676,47.77759,466 12.88697,47.77737,465 12.88779,47.77698,465 12.88843,47.77568,465 12.88895,47.7748,463 12.89022,47.77369,463 12.89103,47.773,462 12.8919,47.77246,461 12.89363,47.77173,460 12.89391,47.77157,460 12.89538,47.77052,459 12.89679,47.76958,458 12.89812,47.76925,457 12.89729,47.76808,457 12.89547,47.76721,456 12.89499,47.767,456 12.89638,47.76581,456 12.89754,47.7647,457 12.89863,47.76358,456 12.89977,47.76265,456 12.89992,47.76239,456 12.89956,47.76168,456 12.90016,47.76166,457 12.90056,47.76031,458 12.90078,47.75976,458 12.90027,47.75855,458 12.89898,47.75829,459 12.89869,47.7579,459 12.8992,47.75697,459 12.89895,47.75552,465 12.89915,47.75474,471 12.90023,47.75346,475 12.9005,47.75313,473 12.9018,47.75229,466 12.90213,47.75158,466 12.90134,47.75059,468 12.9011,47.74924,467 12.90089,47.74871,467 12.89994,47.7476,459 12.90063,47.74686,456 12.90017,47.7468,457 12.89835,47.74599,459 12.89728,47.74567,462 12.8967,47.74525,462 12.89594,47.74499,462 12.89649,47.74448,461 12.89478,47.74362,461 12.89297,47.74271,461 12.89125,47.74186,460 12.88961,47.74105,463 12.88784,47.74018,466 12.88609,47.73932,468 12.88437,47.73846,471 12.88265,47.73761,467 12.88243,47.7375,466 12.88381,47.73638,461 12.88534,47.7354,463 12.88535,47.73539,463 12.88433,47.73475,464 12.88577,47.73398,463 12.88469,47.73305,464 12.88374,47.73185,466 12.88353,47.7316,467 12.88245,47.73071,468 12.88382,47.73008,470 12.88251,47.72898,469 12.88419,47.72812,470 12.88525,47.72746,473 12.88421,47.72671,475 12.88384,47.7269,476</coordinates></LineString></Placemark>
<Placemark><name>Untersberg-kör (54.8 km, 864 m)</name><description><![CDATA[<b>Untersberg-kör</b> – GENERÁLT NYOMVONAL<br/>A környék egyik legszebb klasszikusa: az Untersberg teljes megkerülése. Hallthurmon át Bischofswiesenbe és Berchtesgadenbe, onnan az Almbachklamm és Marktschellenberg felé, majd St. Leonhardon, Grödigen és Fürstenbrunnon át Großgmain felé zárod a kört. Két országon át, sziklafalak alatt.<br/><br/>Táv: 54.8 km · Szint: 864 m · Max: 774 m · Idő: ~4.1 ó<br/>Nehézség: közepes · Értékelés: ★★★★★<br/>Burkolat: aszfalt 71.6%, kemény murva 25.0%, laza/erdei 1.1%, ösvény 2.2%<br/>Indulás: Közvetlenül a szálloda elől indul | Autóval ~10 perc: Wanderparkplatz Hallthurm | Vonattal: Berchtesgaden Hbf (~30 perc Bad Reichenhall Hbf-ről)<br/>Október: Berchtesgaden–Marktschellenberg között a B305 rövid szakaszán forgalom van. Határátlépés Marktschellenbergnél – személyi igazolvány.]]></description><styleUrl>#kozepes</styleUrl><LineString><tessellate>1</tessellate><coordinates>12.88384,47.7269,478 12.88439,47.72655,479 12.88387,47.72612,482 12.88385,47.72585,484 12.8841,47.72577,485 12.88522,47.72601,493 12.8856,47.72597,496 12.8864,47.72517,511 12.88686,47.72389,525 12.88762,47.72328,529 12.88832,47.72314,529 12.88979,47.72329,526 12.89185,47.72328,519 12.89316,47.72324,517 12.89531,47.7235,519 12.8973,47.72377,523 12.89799,47.72391,525 12.89862,47.72331,529 12.89936,47.72231,535 12.89925,47.72223,535 12.90043,47.72125,538 12.89926,47.71998,543 12.8991,47.71977,544 12.90108,47.71936,543 12.90182,47.7192,543 12.90381,47.71899,539 12.90515,47.7188,537 12.9071,47.71814,544 12.90738,47.71807,545 12.9094,47.71781,550 12.9104,47.71763,553 12.91223,47.71708,558 12.91271,47.71687,559 12.91282,47.71634,561 12.91368,47.71623,565 12.91402,47.71498,579 12.91391,47.71388,588 12.91534,47.71271,603 12.91506,47.71252,605 12.91473,47.71255,609 12.9138,47.71153,624 12.91476,47.71117,631 12.91586,47.71035,638 12.91757,47.70955,645 12.91891,47.70884,651 12.91948,47.70819,660 12.91963,47.70736,665 12.92035,47.70726,669 12.92094,47.70669,674 12.92149,47.70651,678 12.92168,47.70627,680 12.92224,47.70617,684 12.92285,47.7057,691 12.92405,47.70561,694 12.92588,47.70495,689 12.92677,47.70498,687 12.92797,47.70463,689 12.92835,47.70329,709 12.92867,47.70279,723 12.93,47.70167,747 12.93004,47.70164,747 12.9317,47.70067,739 12.93171,47.70067,739 12.93193,47.70029,733 12.93257,47.69984,726 12.93219,47.69945,722 12.93301,47.69907,722 12.9336,47.6979,720 12.93425,47.69749,712 12.9345,47.69712,705 12.93547,47.69688,698 12.93538,47.6963,698 12.93506,47.6959,702 12.93592,47.6945,723 12.93611,47.69416,730 12.9358,47.69331,747 12.93601,47.69221,763 12.93547,47.6909,772 12.93509,47.69007,773 12.93421,47.68886,752 12.93404,47.68855,747 12.93318,47.68818,739 12.93261,47.68724,725 12.93281,47.68704,723 12.9336,47.68693,720 12.93355,47.68672,718 12.93435,47.68661,710 12.9352,47.68682,703 12.9357,47.68627,697 12.93774,47.68629,683 12.93784,47.68629,683 12.93776,47.68507,684 12.93727,47.68359,682 12.93721,47.68336,682 12.93682,47.68309,683 12.93625,47.6817,686 12.93561,47.68049,681 12.93557,47.67991,680 12.93611,47.67862,672 12.93663,47.67763,667 12.93753,47.67638,667 12.93769,47.67606,669 12.93771,47.67548,670 12.93824,47.67466,669 12.93904,47.67401,668 12.93915,47.67324,667 12.94029,47.67199,661 12.94056,47.67166,660 12.94138,47.67167,659 12.94227,47.67034,658 12.94232,47.67027,657 12.94331,47.67037,655 12.94504,47.66959,652 12.9468,47.66879,650 12.94696,47.66873,650 12.94776,47.6674,645 12.94807,47.66692,644 12.94968,47.66629,644 12.95117,47.66532,640 12.95187,47.66471,639 12.95287,47.66352,637 12.95373,47.66222,636 12.95418,47.66158,635 12.95479,47.66024,630 12.95533,47.65893,627 12.95595,47.65757,628 12.95632,47.65681,628 12.9577,47.65566,622 12.95901,47.65464,620 12.95952,47.65423,619 12.9604,47.65291,617 12.9607,47.65242,616 12.96077,47.65209,616 12.96048,47.65199,616 12.96063,47.65158,615 12.96158,47.65026,613 12.96163,47.65019,613 12.96224,47.64967,614 12.96412,47.64889,612 12.96585,47.64817,607 12.96754,47.64743,606 12.96887,47.64694,604 12.96932,47.64727,604 12.97091,47.64761,620 12.97197,47.64767,625 12.97323,47.64795,634 12.97398,47.64786,639 12.9758,47.64706,654 12.97657,47.64642,657 12.97738,47.64617,658 12.97902,47.64532,662 12.97941,47.64507,663 12.9803,47.64381,668 12.98165,47.64307,676 12.98154,47.6419,681 12.98214,47.64151,679 12.98229,47.64107,678 12.98303,47.6409,679 12.98395,47.64141,682 12.9844,47.64136,683 12.9853,47.64025,681 12.98528,47.63968,680 12.98546,47.63945,680 12.98748,47.63934,675 12.98924,47.63861,676 12.99107,47.63857,668 12.99271,47.63834,669 12.99421,47.63738,670 12.9945,47.63726,668 12.99655,47.63666,651 12.99812,47.63625,640 12.99937,47.63545,630 12.99949,47.6345,619 12.99981,47.63386,608 13.00051,47.6334,601 13.00249,47.63345,581 13.00256,47.63346,580 13.00303,47.63406,577 13.00326,47.63396,576 13.00277,47.63327,576 13.00203,47.63316,574 13.00239,47.63275,573 13.0033,47.63264,568 13.00376,47.63229,566 13.00337,47.63084,562 13.00329,47.62985,554 13.0027,47.62881,542 13.00283,47.62865,542 13.00226,47.62833,539 13.00143,47.62737,540 13.00081,47.62706,540 13.00032,47.62646,540 12.99932,47.62609,539 12.99944,47.62591,539 12.99993,47.62614,540 13.00061,47.6258,542 13.00123,47.62572,544 13.00197,47.62702,546 13.00228,47.62759,544 13.00405,47.62832,548 13.00415,47.62838,548 13.00563,47.62952,539 13.00708,47.63057,535 13.00744,47.63085,534 13.00838,47.63188,537 13.00879,47.63306,541 13.00975,47.63402,535 13.00974,47.63479,533 13.0108,47.63515,531 13.01069,47.6353,531 13.01267,47.63569,531 13.01479,47.63614,539 13.01534,47.63629,542 13.01691,47.63728,539 13.01759,47.63769,537 13.01819,47.63848,535 13.01795,47.63975,529 13.01757,47.64037,526 13.01771,47.64146,526 13.01857,47.64158,525 13.0207,47.64149,522 13.02086,47.6415,522 13.02209,47.64173,523 13.0233,47.64225,526 13.0237,47.64308,527 13.02494,47.64385,522 13.02688,47.64431,518 13.02891,47.64459,518 13.03086,47.64497,518 13.03182,47.6452,521 13.03358,47.64597,530 13.03361,47.64599,529 13.03435,47.64689,519 13.03466,47.64824,516 13.03481,47.6495,520 13.0357,47.65011,520 13.03685,47.65141,519 13.03782,47.65234,515 13.03924,47.65333,514 13.03981,47.65366,512 13.03887,47.655,513 13.03832,47.65586,519 13.03807,47.65582,520 13.03713,47.65701,519 13.03596,47.65823,532 13.0356,47.65866,533 13.0352,47.65966,524 13.03545,47.66109,512 13.03544,47.66199,511 13.03509,47.66233,510 13.03474,47.66331,509 13.03411,47.66389,509 13.03317,47.66423,508 13.03194,47.66531,505 13.03153,47.66581,502 13.03283,47.66601,498 13.03332,47.66627,498 13.03434,47.66618,497 13.03332,47.66627,497 13.03283,47.66601,497 13.03153,47.66581,501 13.03099,47.66703,503 13.03095,47.66787,506 13.0312,47.66854,507 13.03235,47.66978,501 13.03204,47.67025,500 13.03169,47.67044,500 13.0323,47.67064,499 13.03378,47.67055,494 13.03464,47.67094,491 13.03564,47.67228,491 13.03593,47.67267,491 13.03611,47.67373,490 13.03676,47.67508,494 13.03704,47.67582,499 13.03823,47.67707,502 13.03848,47.67743,501 13.03979,47.67856,499 13.04,47.67873,500 13.04082,47.67997,504 13.04142,47.68066,501 13.04232,47.68126,496 13.04253,47.68181,494 13.04342,47.68213,491 13.04372,47.68256,489 13.04391,47.68398,498 13.04392,47.68405,498 13.04374,47.68539,509 13.04417,47.68646,514 13.04374,47.68725,516 13.04393,47.68818,522 13.0437,47.68872,524 13.04372,47.69008,525 13.04374,47.69063,528 13.04352,47.69132,534 13.0439,47.69248,532 13.04351,47.69398,533 13.04341,47.69422,534 13.04245,47.6954,536 13.04239,47.69562,535 13.04275,47.69568,533 13.04308,47.69529,528 13.0436,47.69509,522 13.04419,47.69563,515 13.04415,47.69606,508 13.0445,47.69671,503 13.0443,47.6972,499 13.04492,47.69683,491 13.04564,47.69701,486 13.04402,47.69797,487 13.04327,47.69844,485 13.04319,47.69979,476 13.0432,47.70008,474 13.04297,47.7005,474 13.04174,47.70127,474 13.04063,47.70155,472 13.04074,47.70185,471 13.04018,47.70254,476 13.04056,47.70355,492 13.0403,47.70434,498 13.04046,47.7049,505 13.04095,47.70509,508 13.04111,47.70562,517 13.04153,47.70599,526 13.0417,47.70663,536 13.04234,47.70706,541 13.04158,47.70763,543 13.04136,47.70802,541 13.04219,47.70921,531 13.04269,47.71061,526 13.04361,47.71186,508 13.04377,47.71254,495 13.04326,47.7125,486 13.04317,47.71293,482 13.04371,47.71319,473 13.0444,47.71319,473 13.0454,47.71353,476 13.04587,47.71421,473 13.04591,47.71476,465 13.04565,47.71456,464 13.04423,47.71493,463 13.04437,47.7153,464 13.04406,47.71538,465 13.0443,47.716,467 13.04427,47.71666,469 13.04371,47.71692,472 13.04279,47.71822,477 13.04165,47.71943,477 13.04108,47.72021,471 13.04106,47.72114,465 13.04068,47.7219,462 13.04071,47.72289,458 13.04163,47.7229,455 13.04217,47.72421,451 13.04244,47.72472,451 13.0427,47.72511,451 13.04299,47.7251,451 13.04379,47.72634,451 13.04393,47.7265,451 13.04461,47.72649,451 13.04463,47.72607,452 13.04478,47.72649,452 13.0454,47.72647,453 13.0456,47.72663,454 13.04449,47.72742,458 13.04452,47.72871,457 13.04452,47.72873,457 13.04381,47.73012,455 13.04276,47.73128,451 13.04186,47.73253,450 13.04127,47.73331,450 13.03987,47.73445,447 13.03922,47.73504,447 13.03794,47.73506,448 13.03765,47.73644,450 13.03764,47.73675,450 13.03717,47.73746,449 13.03699,47.73883,447 13.0371,47.73937,447 13.03656,47.73925,446 13.03624,47.73962,447 13.03516,47.73895,448 13.0343,47.73943,449 13.03305,47.73907,450 13.03216,47.73926,452 13.03135,47.74054,456 13.03051,47.74191,451 13.03017,47.74248,450 13.03012,47.74364,449 13.02823,47.7442,448 13.02648,47.74485,452 13.02459,47.74552,452 13.02266,47.7462,449 13.02137,47.74666,449 13.01961,47.74745,446 13.01906,47.74771,443 13.01782,47.74807,440 13.0166,47.74896,441 13.01532,47.74934,443 13.01328,47.7496,445 13.01314,47.74961,445 13.0128,47.74928,447 13.01268,47.74795,457 13.01231,47.74756,456 13.01182,47.74736,455 13.00982,47.74726,449 13.00781,47.74717,447 13.00571,47.74713,445 13.00559,47.74714,445 13.00352,47.74749,446 13.00283,47.74764,450 13.00246,47.74734,453 13.00235,47.74747,453 13.0013,47.74719,457 12.99973,47.74628,461 12.99812,47.74531,458 12.99765,47.74511,458 12.99633,47.74408,459 12.99514,47.74356,462 12.99407,47.74367,465 12.99391,47.74316,466 12.99328,47.74267,467 12.99263,47.74247,465 12.99259,47.74206,463 12.99225,47.742,462 12.99166,47.74303,459 12.99211,47.74446,453 12.99267,47.74581,450 12.99283,47.7462,450 12.99296,47.74689,450 12.99265,47.74712,449 12.99274,47.74789,446 12.99313,47.74844,445 12.99409,47.74865,444 12.99459,47.74995,444 12.99463,47.75024,443 12.99329,47.75116,443 12.99186,47.75163,455 12.99107,47.75222,472 12.98993,47.75336,473 12.98866,47.75459,465 12.98762,47.75588,461 12.98633,47.75705,451 12.98629,47.7571,451 12.9855,47.75852,446 12.98515,47.75908,445 12.98444,47.75943,444 12.98275,47.7598,442 12.9822,47.76011,440 12.98019,47.76065,438 12.97838,47.76126,439 12.9783,47.76129,439 12.97777,47.76154,439 12.97742,47.76202,439 12.97581,47.76294,439 12.97444,47.76393,439 12.974,47.76411,439 12.97201,47.76466,437 12.97026,47.76506,438 12.96888,47.76488,438 12.96771,47.76452,436 12.96676,47.76582,436 12.96632,47.76636,436 12.96581,47.7665,437 12.96487,47.76731,438 12.96415,47.76747,439 12.96295,47.7673,441 12.961,47.7678,442 12.96028,47.76801,440 12.95884,47.76853,437 12.95778,47.76828,436 12.9563,47.76742,443 12.95451,47.768,456 12.95326,47.76682,471 12.95196,47.76569,485 12.95163,47.7654,486 12.95024,47.76426,482 12.94872,47.76319,484 12.94791,47.76252,480 12.94694,47.76135,477 12.94579,47.76006,479 12.94535,47.75913,481 12.94518,47.75773,485 12.94488,47.75626,482 12.94459,47.75478,485 12.94442,47.75387,487 12.9443,47.75251,484 12.94437,47.75147,484 12.94397,47.75058,486 12.94275,47.74951,487 12.94256,47.74941,486 12.94181,47.74912,487 12.93974,47.74871,491 12.93872,47.74841,493 12.93704,47.74756,494 12.93604,47.74696,491 12.93406,47.74628,492 12.93345,47.746,493 12.93205,47.74511,500 12.93115,47.74423,506 12.9308,47.74362,510 12.93059,47.74228,518 12.93054,47.74178,523 12.93005,47.74087,531 12.92901,47.74016,535 12.92702,47.73955,537 12.92669,47.7394,537 12.92532,47.73846,538 12.92425,47.73796,538 12.924,47.73661,545 12.92384,47.73606,546 12.9232,47.73589,548 12.92302,47.73569,549 12.92236,47.73428,562 12.92182,47.73299,570 12.92179,47.73276,570 12.92076,47.73199,564 12.9195,47.73162,553 12.91917,47.73023,546 12.91912,47.73001,546 12.91814,47.73013,546 12.91786,47.72982,547 12.91712,47.72991,548 12.91661,47.72944,546 12.91608,47.72812,536 12.91608,47.72812,536 12.91566,47.72803,535 12.9145,47.72697,533 12.91429,47.72683,533 12.91313,47.72634,533 12.91253,47.72693,531 12.9105,47.72659,527 12.90919,47.72625,527 12.90844,47.72626,526 12.90785,47.726,525 12.90787,47.72571,524 12.90718,47.72546,524 12.90738,47.72517,524 12.90697,47.72508,524 12.90724,47.72474,525 12.90577,47.72434,522 12.90456,47.72443,518 12.90463,47.72467,517 12.90402,47.72612,513 12.90378,47.72677,511 12.9026,47.72614,511 12.90149,47.72586,511 12.89995,47.72482,517 12.89955,47.72442,520 12.89799,47.72391,521 12.89711,47.72469,518 12.89663,47.7254,519 12.89472,47.72611,534 12.89421,47.72632,539 12.89288,47.72553,544 12.89174,47.72639,547 12.8906,47.72582,544 12.88864,47.72514,529 12.88725,47.72465,523 12.88665,47.72461,519 12.8864,47.72517,514 12.88455,47.72455,501 12.88386,47.72442,497 12.88413,47.72507,491 12.8838,47.72522,489 12.88382,47.72599,483 12.88439,47.72655,479 12.88384,47.7269,478</coordinates></LineString></Placemark>
<Placemark><name>Wiestal–Strubklamm–Hintersee (Flachgau) (56.7 km, 1481 m)</name><description><![CDATA[<b>Wiestal–Strubklamm–Hintersee (Flachgau)</b> – GENERÁLT NYOMVONAL<br/>Halleinből a Wiestal víztározója és a Strubklamm sziklaszurdoka mentén kapaszkodsz fel Faistenauba, majd a Flachgau kevéssé ismert, gyönyörű Hintersee-jéhez. Visszafelé Gaißau felé, az Osterhorn-csoport erdei útjain és a Spumberg alatt gurulsz le Halleinbe.<br/><br/>Táv: 56.7 km · Szint: 1481 m · Max: 1257 m · Idő: ~5.1 ó<br/>Nehézség: nehéz · Értékelés: ★★★★☆<br/>Burkolat: aszfalt 69.3%, kemény murva 28.1%, laza/erdei 0.0%, ösvény 2.6%<br/>Indulás: Autóval ~30 perc: Hallein, Parkplatz Pernerinsel | Vonattal: Hallein (~55 perc Bad Reichenhall Hbf-ről)<br/>Október: Gaißau felé a lejtő meredek és kanyargós – nedves avaron fékezz óvatosan. Osztrák (ÖBB/S-Bahn Salzburg) szakaszon külön Fahrrad-Tageskarte kell; a határon átnyúló járaton mindkét fél szabálya érvényes – vedd meg előre az appban.]]></description><styleUrl>#nehez</styleUrl><LineString><tessellate>1</tessellate><coordinates>13.0992,47.6849,444 13.0998,47.68521,444 13.10038,47.68481,445 13.10125,47.68472,445 13.10239,47.68583,447 13.10354,47.68697,448 13.10403,47.68736,448 13.10544,47.68809,447 13.10684,47.68911,447 13.10685,47.68912,447 13.10774,47.69044,451 13.10779,47.6905,451 13.10919,47.69148,456 13.10952,47.69175,458 13.11013,47.69305,464 13.11017,47.69314,464 13.11134,47.69427,463 13.11157,47.69462,463 13.11145,47.69605,461 13.11134,47.69648,460 13.11055,47.69779,458 13.11045,47.69808,459 13.11103,47.6993,462 13.1117,47.70037,470 13.1125,47.70076,473 13.11367,47.70087,474 13.11457,47.70065,473 13.11575,47.69989,470 13.11566,47.70027,468 13.11717,47.70016,467 13.11816,47.7005,467 13.11803,47.70134,467 13.1187,47.7026,467 13.11892,47.70284,466 13.11867,47.70382,466 13.11943,47.70515,466 13.11968,47.70602,465 13.12041,47.70699,462 13.12154,47.70711,462 13.12363,47.70682,464 13.12419,47.7067,465 13.12547,47.70687,470 13.12753,47.70675,481 13.12836,47.70676,481 13.13011,47.70726,471 13.13125,47.70797,468 13.12972,47.70884,467 13.12856,47.7097,476 13.12894,47.71013,479 13.12949,47.71144,481 13.12944,47.71223,478 13.12974,47.71251,476 13.13035,47.71269,474 13.13168,47.71237,471 13.133,47.71296,469 13.13414,47.71409,470 13.13429,47.71434,470 13.13487,47.71444,471 13.13503,47.71525,475 13.1348,47.7158,482 13.13385,47.71618,490 13.13343,47.7167,491 13.13437,47.71789,485 13.13441,47.71796,485 13.13482,47.71905,493 13.13412,47.71861,500 13.13351,47.71846,504 13.13314,47.71854,509 13.13199,47.71941,531 13.13109,47.72073,541 13.13059,47.72151,542 13.13037,47.72217,543 13.13047,47.72238,543 13.13128,47.72272,544 13.13184,47.72319,544 13.12982,47.72356,544 13.12956,47.7236,544 13.12976,47.72448,548 13.13066,47.72582,562 13.13109,47.72668,575 13.13171,47.72688,579 13.13372,47.72653,595 13.13384,47.72652,596 13.13557,47.72584,613 13.136,47.7257,616 13.13645,47.72572,619 13.13812,47.72658,628 13.13975,47.72747,628 13.14037,47.72785,628 13.14119,47.72917,632 13.14204,47.73047,643 13.14222,47.73069,643 13.14334,47.73145,640 13.14462,47.73259,623 13.14512,47.73305,610 13.14711,47.73321,595 13.14749,47.73325,596 13.14837,47.73394,596 13.15018,47.73452,585 13.15036,47.73458,585 13.15103,47.7344,580 13.15209,47.73455,569 13.15221,47.7349,564 13.15255,47.73499,563 13.15379,47.73467,565 13.15552,47.73518,575 13.15671,47.73626,577 13.15759,47.73738,566 13.15935,47.73792,578 13.16004,47.73829,583 13.16205,47.7387,593 13.16317,47.739,596 13.16463,47.74004,584 13.1657,47.74067,578 13.16776,47.74119,574 13.16977,47.7418,575 13.17054,47.74218,576 13.17064,47.74254,575 13.17036,47.74309,573 13.17042,47.74348,573 13.17102,47.74424,574 13.17141,47.74514,576 13.17259,47.7462,577 13.17291,47.74753,573 13.17319,47.74889,573 13.17323,47.74906,573 13.17437,47.75014,575 13.17481,47.75152,578 13.17527,47.75262,573 13.17556,47.75283,573 13.17706,47.75278,577 13.17789,47.75338,577 13.17862,47.75475,578 13.17895,47.75563,577 13.1795,47.75635,573 13.17988,47.75763,571 13.17994,47.75794,571 13.18043,47.75834,570 13.18111,47.75968,575 13.1817,47.76049,572 13.18164,47.76078,568 13.18054,47.76195,563 13.18018,47.76237,564 13.17992,47.76373,566 13.17847,47.7648,566 13.17806,47.76561,566 13.17839,47.76635,566 13.17964,47.76753,571 13.18088,47.76871,572 13.18118,47.76905,571 13.18064,47.77003,572 13.18034,47.77117,577 13.17973,47.77196,581 13.17947,47.77332,586 13.17923,47.77422,585 13.1794,47.77434,584 13.17975,47.7743,583 13.18053,47.77382,578 13.18098,47.77403,576 13.18069,47.7748,573 13.18101,47.77527,573 13.1806,47.77531,573 13.1806,47.77545,573 13.18113,47.77679,576 13.18124,47.77723,577 13.18122,47.77873,587 13.18135,47.77996,592 13.18097,47.78088,592 13.17981,47.7821,595 13.17941,47.78242,595 13.17887,47.78368,593 13.17856,47.78508,599 13.17838,47.78605,602 13.17902,47.78619,602 13.17911,47.78633,602 13.1788,47.7875,601 13.178,47.78831,602 13.17694,47.78898,601 13.17572,47.79017,606 13.17517,47.79082,607 13.17512,47.7921,609 13.17567,47.79339,610 13.17668,47.7936,611 13.17738,47.79356,616 13.17927,47.79284,622 13.18105,47.79217,629 13.18231,47.79175,633 13.18404,47.79154,636 13.18566,47.79068,638 13.18706,47.78999,645 13.18852,47.78905,658 13.18886,47.78878,662 13.19014,47.78885,667 13.19211,47.78851,667 13.19226,47.78845,668 13.19333,47.78754,673 13.19394,47.78639,686 13.19537,47.78534,699 13.1959,47.785,701 13.1973,47.7845,707 13.19825,47.78482,710 13.1983,47.78471,711 13.19773,47.78439,713 13.19783,47.78427,713 13.19838,47.78446,718 13.19898,47.78423,719 13.20086,47.78436,717 13.20205,47.78421,716 13.20245,47.78403,717 13.20249,47.78383,719 13.2018,47.78334,724 13.20242,47.78338,725 13.2029,47.78357,726 13.20407,47.78332,729 13.20553,47.78237,745 13.20693,47.78132,735 13.20714,47.78122,734 13.20907,47.78082,722 13.21088,47.78055,717 13.2117,47.7798,713 13.21208,47.77899,709 13.21289,47.77841,706 13.2134,47.77705,694 13.21362,47.77676,690 13.21414,47.77665,685 13.21522,47.77594,683 13.21734,47.77586,687 13.2183,47.77582,683 13.22014,47.77517,678 13.22018,47.77516,679 13.22149,47.77614,691 13.22263,47.77651,698 13.22374,47.77624,704 13.22407,47.77708,720 13.2253,47.77787,737 13.22734,47.7777,746 13.22736,47.7777,746 13.22899,47.77822,755 13.22897,47.77752,759 13.22921,47.7773,759 13.22966,47.7772,761 13.22932,47.77621,766 13.2287,47.77633,766 13.22834,47.77594,766 13.22789,47.77583,765 13.22772,47.77529,765 13.22782,47.77559,765 13.22933,47.77501,773 13.22995,47.7752,774 13.23088,47.77467,778 13.23055,47.77436,779 13.23214,47.77343,785 13.23382,47.77255,785 13.23478,47.77202,785 13.23672,47.77162,782 13.23679,47.77162,782 13.23779,47.77194,774 13.23997,47.77225,759 13.24016,47.77228,759 13.24094,47.77257,758 13.24211,47.77229,758 13.24124,47.77106,757 13.24095,47.76982,756 13.24126,47.76908,755 13.24055,47.76806,762 13.24051,47.76657,757 13.24051,47.76655,757 13.23988,47.76526,738 13.2395,47.76432,732 13.2394,47.76319,726 13.24015,47.76244,717 13.23964,47.76122,716 13.24043,47.76092,713 13.24116,47.75954,707 13.24185,47.75855,702 13.24297,47.7574,705 13.24326,47.75709,707 13.24456,47.75604,715 13.2446,47.756,715 13.24602,47.75508,707 13.24714,47.75446,701 13.24772,47.75367,697 13.24869,47.75335,699 13.24967,47.75263,704 13.24993,47.75224,705 13.25083,47.75212,705 13.25234,47.75121,704 13.25257,47.75056,700 13.25247,47.74969,694 13.25298,47.74907,694 13.25254,47.74889,695 13.2536,47.74931,696 13.25468,47.74801,700 13.25483,47.74765,700 13.25549,47.74717,698 13.25617,47.74578,699 13.25674,47.7449,701 13.2571,47.74341,700 13.25733,47.74195,698 13.25746,47.74119,700 13.2578,47.74039,704 13.25891,47.73923,709 13.26021,47.73806,712 13.26024,47.73803,712 13.2618,47.73711,709 13.26292,47.73646,709 13.26381,47.73573,710 13.26478,47.73451,706 13.26566,47.7332,705 13.26615,47.73246,711 13.26659,47.73226,713 13.26642,47.73204,715 13.26658,47.7315,716 13.26794,47.73054,714 13.26956,47.72949,717 13.26977,47.72935,718 13.27104,47.7283,720 13.27223,47.72726,723 13.27362,47.72627,725 13.27517,47.72517,726 13.27668,47.72411,731 13.27714,47.72377,734 13.2785,47.72256,734 13.27976,47.72148,732 13.28009,47.72111,733 13.28169,47.72005,732 13.28222,47.71977,732 13.28206,47.71961,732 13.28318,47.71845,748 13.28318,47.71845,748 13.28333,47.71704,778 13.28332,47.71695,778 13.28272,47.71563,810 13.28198,47.71435,846 13.28173,47.714,856 13.2821,47.71251,891 13.28218,47.71228,894 13.28202,47.71178,905 13.2811,47.71127,927 13.28053,47.71029,955 13.27865,47.70985,987 13.27751,47.70955,1009 13.2767,47.70922,1016 13.27703,47.70892,1020 13.27695,47.70755,1029 13.27693,47.70743,1030 13.27604,47.70657,1035 13.27447,47.70565,1037 13.27305,47.70468,1047 13.27249,47.70433,1050 13.27127,47.70383,1061 13.2702,47.70409,1068 13.26985,47.70353,1074 13.26864,47.7038,1082 13.26832,47.70333,1087 13.26776,47.70303,1089 13.26565,47.70272,1103 13.26418,47.70245,1117 13.26382,47.7021,1118 13.26399,47.70095,1125 13.2632,47.70113,1130 13.26315,47.70158,1138 13.26268,47.70117,1142 13.26345,47.70013,1148 13.26312,47.69938,1156 13.26236,47.69867,1168 13.26098,47.6979,1179 13.25884,47.69786,1192 13.25856,47.69787,1197 13.25691,47.69715,1222 13.25659,47.69714,1226 13.25674,47.69744,1235 13.25557,47.69714,1250 13.25487,47.69638,1257 13.25346,47.69593,1253 13.25286,47.69538,1245 13.25293,47.6962,1235 13.25215,47.69649,1226 13.25147,47.69713,1219 13.24987,47.69797,1214 13.24963,47.69839,1213 13.24939,47.69843,1211 13.24811,47.69793,1201 13.24651,47.69824,1192 13.24629,47.69856,1192 13.24641,47.69895,1189 13.24616,47.69914,1188 13.24535,47.69923,1187 13.24499,47.69978,1181 13.24549,47.70107,1177 13.24486,47.70199,1164 13.24419,47.7025,1158 13.2428,47.70285,1140 13.24217,47.70272,1135 13.24175,47.70295,1131 13.24146,47.70346,1125 13.24023,47.70416,1111 13.23982,47.70369,1104 13.23953,47.70389,1100 13.23868,47.70296,1083 13.2367,47.70274,1070 13.23502,47.70265,1047 13.23367,47.70293,1034 13.2327,47.70285,1027 13.23328,47.70239,1022 13.23241,47.70263,1019 13.23105,47.70189,1003 13.22999,47.70164,988 13.22881,47.70201,980 13.22844,47.70246,975 13.2277,47.70224,970 13.2265,47.70234,959 13.22489,47.70328,951 13.22415,47.7037,944 13.22395,47.70369,941 13.22487,47.70256,922 13.22402,47.70286,913 13.22314,47.70278,906 13.22239,47.70291,899 13.2213,47.70345,893 13.22146,47.70413,892 13.22122,47.7043,892 13.22097,47.70425,892 13.22001,47.70301,871 13.21992,47.70286,870 13.2193,47.7026,868 13.21715,47.70266,862 13.21664,47.70266,859 13.2162,47.70305,857 13.21664,47.70266,855 13.21468,47.70243,844 13.21419,47.70238,842 13.21275,47.70238,838 13.21205,47.70255,834 13.21024,47.70329,812 13.20875,47.70399,803 13.20724,47.70507,796 13.20578,47.70602,787 13.20429,47.70694,772 13.20397,47.70716,769 13.2024,47.70758,754 13.20085,47.70845,742 13.20059,47.70856,741 13.19861,47.70879,726 13.19844,47.70885,724 13.19785,47.70954,718 13.19645,47.71059,710 13.19558,47.71121,707 13.19521,47.71133,706 13.19471,47.71087,706 13.19411,47.71082,708 13.19291,47.71149,719 13.19196,47.7118,727 13.19119,47.71265,735 13.18988,47.71337,746 13.18904,47.71423,757 13.18731,47.71514,777 13.18682,47.71543,780 13.18651,47.71546,781 13.18641,47.71527,782 13.18703,47.71473,786 13.18604,47.71503,790 13.1862,47.71394,809 13.18535,47.71454,825 13.18466,47.71462,837 13.18392,47.7153,852 13.18261,47.716,868 13.18207,47.7167,877 13.18154,47.7181,907 13.18099,47.71868,913 13.18124,47.71795,918 13.18103,47.71658,922 13.18104,47.71641,922 13.17933,47.71573,928 13.17931,47.71569,928 13.17738,47.71532,925 13.1756,47.71453,914 13.17521,47.71433,912 13.1739,47.71329,900 13.17389,47.71328,900 13.17314,47.712,895 13.17271,47.71155,896 13.17155,47.71123,892 13.1693,47.7114,879 13.169,47.71141,879 13.16925,47.71113,879 13.16754,47.71092,882 13.16684,47.71062,882 13.16634,47.70931,861 13.16675,47.70839,847 13.16655,47.70704,822 13.16653,47.70699,819 13.16564,47.7059,795 13.16398,47.70496,768 13.16386,47.70487,768 13.16357,47.70431,763 13.16333,47.70433,762 13.16273,47.70346,754 13.16305,47.70287,753 13.16355,47.70271,753 13.16395,47.70235,751 13.16354,47.7019,747 13.16363,47.7006,733 13.16307,47.70034,728 13.16301,47.69997,720 13.16254,47.70009,715 13.16155,47.6996,711 13.16158,47.69874,704 13.16196,47.69786,703 13.16253,47.69718,708 13.16165,47.69636,703 13.16127,47.69556,697 13.16032,47.69485,688 13.15914,47.69365,674 13.15895,47.69341,673 13.15848,47.6921,661 13.15847,47.69206,661 13.15914,47.69155,657 13.15942,47.69014,632 13.15974,47.68881,619 13.15982,47.68862,617 13.15972,47.68843,614 13.15799,47.68845,602 13.15675,47.6895,582 13.15528,47.68954,575 13.15379,47.6903,564 13.15333,47.69038,564 13.15276,47.69019,564 13.15268,47.68999,564 13.15137,47.6891,556 13.1505,47.68888,552 13.15138,47.6888,554 13.1519,47.68931,557 13.15138,47.6888,550 13.1505,47.68888,540 13.14942,47.68846,531 13.14808,47.68865,523 13.14839,47.68796,515 13.14674,47.68813,503 13.14673,47.68798,501 13.14599,47.68773,495 13.14518,47.68775,493 13.14499,47.68739,493 13.14311,47.6868,491 13.14286,47.68675,490 13.14109,47.68659,487 13.14042,47.6867,487 13.13998,47.68696,486 13.13791,47.68647,480 13.13739,47.68633,480 13.13631,47.68552,479 13.13553,47.68536,480 13.13518,47.68491,486 13.13418,47.68474,497 13.13252,47.68504,514 13.13067,47.68582,528 13.13017,47.68601,533 13.12945,47.68658,545 13.12903,47.68606,545 13.12758,47.68625,534 13.12636,47.68716,520 13.12597,47.68684,517 13.12558,47.68678,516 13.12511,47.68623,509 13.12466,47.68646,505 13.12405,47.68734,499 13.12363,47.68746,499 13.1226,47.68752,496 13.12136,47.6863,485 13.12119,47.68612,485 13.12043,47.68615,488 13.11983,47.68585,485 13.11841,47.68591,466 13.11814,47.6863,459 13.11716,47.68696,450 13.11598,47.68625,448 13.11523,47.6854,447 13.11423,47.68577,447 13.11281,47.68594,445 13.11066,47.68639,447 13.10919,47.68671,445 13.10775,47.68654,445 13.1061,47.68572,446 13.10568,47.68561,446 13.10501,47.68607,447 13.10463,47.68586,447 13.10338,47.68682,447 13.10294,47.68693,447 13.10123,47.68682,445 13.1012,47.68736,444 13.09991,47.68758,444 13.09822,47.68726,444 13.09694,47.68623,442 13.09595,47.68576,443 13.0972,47.68486,444 13.09775,47.68517,443 13.09854,47.68462,443 13.09896,47.68494,443 13.0992,47.6849,443</coordinates></LineString></Placemark>
<Placemark><name>Haunsberg és a Salzach (47.2 km, 451 m)</name><description><![CDATA[<b>Haunsberg és a Salzach</b> – GENERÁLT NYOMVONAL<br/>Freilassingtól a Salzach osztrák partján, Bergheimen és Antheringen át a Haunsberg erdős gerincére kapaszkodsz (Kaiserbuche), majd Oberndorfba – a „Csendes éj” kápolnájához – ereszkedsz, és a Salzach-gáton gurulsz vissza. Könnyű-közepes, vonattal vagy autóval is jól elérhető.<br/><br/>Táv: 47.2 km · Szint: 451 m · Max: 769 m · Idő: ~3.2 ó<br/>Nehézség: könnyű · Értékelés: ★★★☆☆<br/>Burkolat: aszfalt 56.6%, kemény murva 35.4%, laza/erdei 6.1%, ösvény 1.9%<br/>Indulás: Autóval ~15 perc: Freilassing, Bahnhof (P+R) | Vonattal: Freilassing (~15 perc Bad Reichenhall Hbf-ről)<br/>Október: Bajor regionális vonaton (BLB, S-Bahn, RB) kerékpár-napijegy kell (DB Fahrradtageskarte Bayern); a hely korlátozott, hétvégén zsúfolt lehet. A Haunsberg erdészeti útjain októberben fakitermelés lehet – figyeld a lezárás-táblákat.]]></description><styleUrl>#konnyu</styleUrl><LineString><tessellate>1</tessellate><coordinates>12.97687,47.83644,421 12.97849,47.836,420 12.97885,47.8358,419 12.97965,47.83581,418 12.98132,47.83516,418 12.98236,47.83574,417 12.98356,47.83509,416 12.98547,47.83458,415 12.98573,47.83448,415 12.98726,47.8335,418 12.98814,47.83295,418 12.98998,47.83348,418 12.99018,47.83352,418 12.9916,47.83433,416 12.99234,47.83518,413 12.99312,47.83523,412 12.99403,47.8358,413 12.99436,47.83619,413 12.99584,47.83513,410 12.99585,47.83513,410 12.99562,47.83538,411 12.99571,47.83552,412 12.99718,47.83655,413 12.99864,47.83767,413 13.0,47.83877,414 13.00022,47.83895,414 13.00154,47.84008,416 13.00238,47.8408,417 13.00342,47.84197,413 13.00397,47.84244,412 13.00456,47.84386,411 13.00465,47.84407,411 13.0049,47.84557,411 13.00506,47.84643,411 13.00641,47.84704,414 13.00821,47.84719,413 13.00774,47.84827,411 13.00649,47.84936,410 13.00517,47.85045,410 13.00517,47.85045,410 13.00437,47.85083,410 13.00388,47.85141,409 13.00337,47.85157,409 13.00337,47.85193,408 13.00299,47.8522,408 13.00295,47.8526,408 13.00299,47.8522,408 13.00337,47.85193,408 13.00337,47.85157,409 13.00388,47.85141,409 13.00432,47.85094,410 13.00418,47.85075,411 13.00511,47.84952,414 13.00524,47.84934,414 13.00597,47.84792,413 13.00641,47.84704,414 13.00821,47.84719,412 13.0091,47.84696,411 13.01037,47.8458,411 13.01167,47.84472,411 13.01305,47.84355,413 13.01438,47.84242,414 13.01472,47.84213,414 13.01612,47.84104,413 13.01757,47.83995,415 13.0189,47.83891,413 13.02018,47.83776,413 13.02146,47.83664,415 13.02278,47.83546,414 13.02406,47.83433,414 13.02447,47.83397,415 13.02567,47.83281,413 13.02673,47.83162,411 13.02758,47.83069,411 13.02858,47.82941,412 13.02947,47.82819,410 13.02964,47.82791,410 13.03106,47.82822,410 13.03006,47.82955,411 13.02912,47.83076,412 13.02813,47.83194,410 13.02715,47.83302,410 13.02599,47.83415,409 13.02464,47.83535,410 13.02332,47.83653,410 13.02209,47.83764,410 13.02145,47.83822,411 13.0207,47.83952,412 13.0207,47.83966,412 13.0199,47.8404,410 13.01919,47.84017,409 13.01782,47.84136,408 13.01652,47.8425,407 13.01514,47.84365,406 13.01373,47.84483,406 13.0123,47.84599,408 13.01091,47.84715,409 13.00962,47.84823,408 13.0082,47.84941,409 13.00813,47.84947,409 13.0073,47.85052,409 13.00678,47.85069,410 13.00547,47.85182,408 13.00413,47.85301,408 13.00285,47.85413,408 13.00267,47.85429,409 13.00155,47.85542,410 13.00033,47.85666,410 12.9992,47.85783,413 12.99802,47.85903,410 12.99684,47.86023,408 12.99567,47.86143,408 12.99449,47.86263,408 12.99431,47.86281,409 12.99326,47.86403,410 12.99212,47.86525,411 12.99104,47.86643,410 12.98997,47.86768,410 12.98886,47.86894,410 12.98846,47.86937,410 12.99057,47.86959,406 12.99268,47.86982,403 12.99358,47.87001,403 12.99261,47.87122,402 12.99163,47.87248,403 12.99065,47.87367,402 12.99044,47.87391,402 12.99033,47.87443,403 12.98959,47.8757,406 12.98897,47.87683,409 12.99103,47.87734,413 12.99294,47.87778,410 12.99494,47.87826,405 12.99689,47.87873,404 12.99885,47.87919,409 12.99983,47.87942,411 13.00047,47.87993,410 13.00115,47.88004,409 13.00108,47.87961,408 13.00115,47.88004,407 13.00137,47.88013,407 13.00352,47.88034,410 13.00551,47.88057,413 13.00621,47.88057,414 13.00579,47.88189,413 13.00557,47.88228,412 13.00424,47.88345,411 13.00296,47.8846,409 13.00264,47.8849,409 13.00389,47.88523,411 13.00532,47.88442,413 13.00685,47.88542,413 13.00701,47.88553,413 13.00601,47.88642,414 13.00599,47.88783,416 13.00599,47.88807,417 13.0056,47.88911,423 13.00573,47.88995,432 13.00552,47.89131,443 13.00551,47.89147,443 13.00594,47.89234,441 13.0067,47.89301,439 13.0067,47.8935,439 13.00645,47.89372,439 13.00553,47.89352,437 13.0049,47.89372,436 13.00593,47.89457,434 13.00684,47.89587,444 13.00701,47.89611,445 13.00693,47.89628,446 13.0058,47.89686,456 13.00721,47.89755,472 13.00782,47.89815,482 13.00826,47.89869,490 13.00808,47.90013,511 13.00809,47.90015,511 13.00923,47.90058,516 13.0101,47.90187,529 13.01,47.9022,532 13.00899,47.90293,538 13.00928,47.90423,547 13.01065,47.90535,553 13.0116,47.90622,563 13.01331,47.90667,572 13.01388,47.9071,575 13.01231,47.90799,584 13.01193,47.90823,587 13.01117,47.90908,598 13.01116,47.90939,604 13.01161,47.91,615 13.01154,47.91035,619 13.01071,47.91045,623 13.00917,47.90989,629 13.00882,47.9101,632 13.00895,47.9108,638 13.00958,47.91155,647 13.01029,47.91198,652 13.0107,47.91255,656 13.01232,47.91348,660 13.01248,47.91367,660 13.01251,47.91466,665 13.0128,47.91546,671 13.01362,47.91676,684 13.01436,47.91779,690 13.01392,47.91779,691 13.01255,47.91868,705 13.01153,47.91905,711 13.0118,47.92046,714 13.01203,47.92186,720 13.01207,47.92207,721 13.01182,47.92221,722 13.01188,47.92238,723 13.01077,47.92242,729 13.01011,47.92346,746 13.00945,47.92348,750 13.00904,47.92475,767 13.00838,47.92538,770 13.00857,47.92649,764 13.00934,47.92777,757 13.00956,47.92799,757 13.0101,47.92937,757 13.01019,47.92967,756 13.01134,47.93074,748 13.01159,47.93094,746 13.01024,47.93041,741 13.00913,47.93057,733 13.009,47.93081,730 13.00925,47.9315,726 13.00928,47.93291,699 13.0093,47.93331,693 13.00898,47.93368,688 13.00848,47.93373,686 13.00651,47.93309,672 13.00548,47.93271,668 13.00386,47.93182,662 13.00239,47.93087,657 13.00193,47.93069,654 12.99996,47.93038,641 12.99979,47.93037,640 12.99858,47.93066,631 12.99814,47.9298,620 12.99597,47.92944,609 12.99533,47.92929,605 12.99346,47.92854,591 12.992,47.928,581 12.99177,47.92768,580 12.99242,47.927,579 12.99198,47.92657,578 12.98995,47.92628,571 12.98974,47.92625,571 12.98917,47.92583,562 12.9881,47.92581,550 12.98745,47.92565,543 12.98552,47.92569,528 12.98537,47.9257,527 12.98462,47.92696,500 12.98459,47.92703,499 12.98447,47.9277,483 12.98458,47.92905,461 12.9846,47.9291,461 12.98556,47.92979,453 12.98567,47.93014,450 12.98496,47.93125,439 12.98318,47.93202,425 12.98119,47.93221,419 12.97976,47.93236,418 12.97775,47.93238,421 12.97762,47.9324,422 12.97744,47.93258,423 12.97661,47.93271,426 12.9752,47.9326,426 12.97367,47.93294,418 12.97218,47.93276,414 12.97036,47.93346,407 12.96959,47.93368,406 12.96846,47.93437,404 12.96818,47.93475,403 12.96756,47.93483,402 12.96693,47.93458,403 12.9656,47.9344,406 12.96386,47.93351,402 12.96262,47.93282,399 12.96145,47.93281,396 12.96049,47.93238,394 12.96007,47.93246,394 12.95971,47.93274,393 12.95832,47.93264,392 12.95613,47.93282,397 12.95436,47.93302,396 12.95351,47.93275,395 12.95312,47.93278,396 12.95249,47.93287,397 12.95243,47.93323,398 12.95108,47.93335,405 12.94894,47.93318,407 12.94809,47.93308,407 12.94754,47.93316,406 12.94619,47.93423,403 12.94603,47.93442,403 12.94529,47.93582,402 12.94505,47.93631,402 12.9466,47.93715,405 12.94713,47.93747,405 12.94601,47.93863,404 12.94509,47.93971,402 12.94402,47.9405,402 12.94265,47.9405,401 12.94269,47.94138,400 12.94371,47.94179,399 12.94386,47.9417,400 12.94261,47.94062,401 12.94053,47.94062,400 12.93995,47.94062,400 12.93994,47.93969,397 12.93778,47.9397,402 12.937,47.93972,406 12.93714,47.93916,406 12.9377,47.93953,404 12.9377,47.93884,400 12.93807,47.9384,398 12.93835,47.93699,399 12.93841,47.93671,399 12.93801,47.93625,399 12.93859,47.93483,399 12.93876,47.93429,399 12.93889,47.93306,403 12.93929,47.9317,403 12.93932,47.93152,403 12.93959,47.93123,403 12.93955,47.93076,402 12.94006,47.93032,402 12.94067,47.92896,402 12.9412,47.92767,403 12.94147,47.92707,403 12.94224,47.92573,402 12.94318,47.92437,403 12.94403,47.92305,404 12.94408,47.92294,404 12.94448,47.92252,403 12.94519,47.92218,401 12.94608,47.92087,401 12.94691,47.91974,401 12.94792,47.91857,403 12.94895,47.91734,403 12.94993,47.91627,402 12.95128,47.91519,403 12.95258,47.91401,403 12.95288,47.91373,403 12.95432,47.91267,401 12.95484,47.9123,401 12.95494,47.91187,401 12.95622,47.91064,401 12.95703,47.90983,402 12.95753,47.90901,403 12.95773,47.90807,403 12.95876,47.90689,400 12.95935,47.90614,398 12.95961,47.90529,398 12.95921,47.90394,399 12.95915,47.90381,399 12.95825,47.90258,399 12.9579,47.90125,402 12.95798,47.89999,401 12.9583,47.8992,401 12.96037,47.8993,406 12.96256,47.89966,408 12.96472,47.90007,407 12.96566,47.90025,405 12.96662,47.89889,404 12.96742,47.89761,406 12.96825,47.89628,406 12.96909,47.89492,407 12.96999,47.8936,407 12.97078,47.89226,407 12.97163,47.89089,406 12.97249,47.88961,405 12.97328,47.88829,405 12.97406,47.88704,405 12.97493,47.88563,406 12.97576,47.88431,407 12.97658,47.883,406 12.97743,47.88173,407 12.97827,47.88048,408 12.97909,47.87907,407 12.97994,47.87772,407 12.98067,47.87673,408 12.98044,47.87655,409 12.98149,47.8752,411 12.98243,47.87381,413 12.98338,47.87262,410 12.98424,47.87133,413 12.9843,47.87124,413 12.98539,47.86991,413 12.98645,47.86862,414 12.987,47.86869,414 12.98724,47.86851,413 12.98835,47.86728,411 12.98944,47.86605,411 12.99048,47.86488,412 12.99154,47.86368,412 12.99257,47.8627,410 12.99076,47.86203,414 12.99072,47.86202,414 12.98884,47.8615,409 12.98685,47.86097,409 12.98585,47.8607,408 12.9848,47.85956,405 12.98441,47.85911,406 12.98347,47.85869,406 12.98356,47.85812,407 12.98231,47.85785,410 12.98137,47.8582,413 12.98186,47.85763,414 12.98152,47.8573,415 12.97951,47.85728,415 12.9783,47.85705,414 12.97781,47.8567,414 12.97727,47.85597,416 12.97672,47.85478,418 12.97688,47.85462,418 12.97652,47.85432,418 12.97634,47.8536,418 12.97641,47.85212,417 12.97647,47.85145,417 12.97745,47.85008,416 12.97847,47.84884,419 12.97913,47.84806,420 12.97917,47.84743,420 12.98077,47.84722,421 12.98052,47.84583,421 12.98022,47.84437,421 12.97995,47.84288,421 12.97963,47.84145,423 12.97961,47.84137,423 12.98013,47.84048,423 12.98051,47.84041,422 12.98048,47.8403,422 12.97991,47.8389,421 12.97946,47.83773,421 12.97919,47.83759,420 12.97935,47.83742,420 12.97889,47.83755,420 12.97818,47.83619,421 12.97814,47.83612,421 12.97687,47.83644,421</coordinates></LineString></Placemark>
<Placemark><name>Alte Postalmstraße – vonattal Gollingig (84.7 km, 2404 m)</name><description><![CDATA[<b>Alte Postalmstraße – vonattal Gollingig</b> – GENERÁLT NYOMVONAL<br/>Kreatív, egész napos kaland: vonattal Gollingig, onnan a Lammer völgyén a Lammeröfen szurdokhoz, majd Voglaunál a régi, murvás Postalmstraße serpentinjein Európa egyik legnagyobb alpesi legelőjére, a Postalmra (≈1300 m). Lefelé az új aszfaltúton Abtenau felé, majd a Lammertalon vissza Gollingba és vonattal haza.<br/><br/>Táv: 84.7 km · Szint: 2404 m · Max: 1361 m · Idő: ~8.3 ó<br/>Nehézség: nehéz · Értékelés: ★★★★★<br/>Burkolat: aszfalt 43.3%, kemény murva 52.9%, laza/erdei 0.8%, ösvény 3.0%<br/>Indulás: Vonattal: Golling-Abtenau (~75 perc Bad Reichenhall Hbf-ről)<br/>Október: A Postalm ≈1300 m: október elején reggel fagy, akár friss hó is lehet – nézd meg a webkamerát indulás előtt. A Postalm kunyhóinak egy része október közepétől zár; vigyél elég ételt. Bajor regionális vonaton (BLB, S-Bahn, RB) kerékpár-napijegy kell (DB Fahrradtageskarte Bayern); a hely korlátozott, hétvégén zsúfolt lehet. Osztrák (ÖBB/S-Bahn Salzburg) szakaszon külön Fahrrad-Tageskarte kell; a határon átnyúló járaton mindkét fél szabálya érvényes – vedd meg előre az appban.]]></description><styleUrl>#nehez</styleUrl><LineString><tessellate>1</tessellate><coordinates>13.16462,47.60037,467 13.16475,47.60039,467 13.16461,47.60157,467 13.16659,47.60163,468 13.16658,47.60186,468 13.16771,47.6019,471 13.16781,47.60209,471 13.16829,47.60123,474 13.17037,47.6011,479 13.17091,47.60104,480 13.172,47.60114,482 13.17232,47.59968,490 13.17234,47.59955,491 13.17185,47.59865,495 13.17238,47.59852,498 13.17223,47.59826,500 13.17236,47.59801,503 13.17319,47.59771,506 13.17328,47.59741,506 13.17462,47.59669,492 13.17479,47.59642,490 13.17616,47.59634,489 13.17686,47.59605,490 13.17779,47.59509,491 13.17816,47.59435,495 13.17873,47.59397,495 13.18022,47.59393,492 13.18064,47.59352,488 13.18196,47.5928,488 13.18264,47.59207,491 13.18307,47.59186,491 13.18433,47.59188,491 13.18455,47.59096,489 13.18636,47.59083,484 13.18651,47.59058,484 13.18838,47.59007,483 13.18866,47.59001,483 13.19008,47.58986,484 13.19222,47.59017,485 13.19321,47.59025,482 13.19523,47.59,478 13.19686,47.58983,481 13.19872,47.5905,481 13.20006,47.59107,485 13.20148,47.59106,486 13.20227,47.59087,485 13.20418,47.59008,483 13.20485,47.58983,483 13.2068,47.58946,481 13.2082,47.58905,482 13.21,47.5884,483 13.21198,47.58768,485 13.21377,47.58711,486 13.2152,47.58681,487 13.2172,47.58658,487 13.21936,47.58635,487 13.22016,47.58624,487 13.22228,47.58581,489 13.22277,47.58568,489 13.22459,47.58511,490 13.22493,47.58497,491 13.22672,47.58411,493 13.22843,47.58313,492 13.23,47.5824,492 13.23208,47.58215,493 13.23418,47.58197,493 13.2345,47.58194,493 13.2364,47.58116,496 13.23758,47.58063,497 13.23873,47.58032,497 13.2394,47.5803,497 13.24139,47.58069,496 13.2433,47.58116,495 13.24421,47.58125,496 13.24495,47.58114,497 13.24579,47.58079,499 13.24693,47.5796,503 13.24734,47.57924,503 13.24808,47.57878,505 13.24988,47.57807,505 13.25012,47.57801,505 13.25173,47.57826,502 13.25373,47.57891,498 13.25537,47.57944,504 13.25751,47.57957,516 13.25824,47.57959,515 13.25984,47.57924,504 13.26141,47.57838,502 13.26292,47.57748,502 13.26309,47.5774,502 13.26468,47.57697,503 13.26552,47.57689,503 13.26644,47.57701,504 13.26709,47.57728,505 13.26703,47.57759,506 13.26795,47.57688,513 13.26904,47.57706,520 13.27006,47.57754,526 13.27064,47.5785,535 13.27057,47.57904,542 13.26975,47.58038,549 13.2695,47.58107,557 13.26955,47.58234,576 13.27007,47.58379,595 13.27014,47.58418,595 13.26945,47.58546,583 13.2692,47.58595,582 13.26921,47.58666,576 13.26959,47.58751,570 13.27073,47.58808,566 13.2702,47.58801,566 13.27081,47.58803,566 13.2699,47.5876,569 13.26955,47.58723,571 13.27109,47.5881,567 13.27253,47.58903,548 13.27257,47.58904,548 13.27377,47.58927,543 13.27597,47.58906,542 13.27784,47.58889,543 13.28002,47.58894,541 13.28215,47.58899,543 13.28423,47.58907,543 13.2847,47.58905,544 13.28662,47.58919,546 13.28855,47.58958,547 13.28865,47.58936,550 13.2899,47.58961,559 13.2906,47.58897,564 13.29078,47.58899,565 13.2918,47.59015,571 13.29192,47.59034,573 13.29212,47.59135,579 13.29302,47.59263,592 13.29317,47.59282,593 13.29441,47.59342,604 13.29549,47.59374,615 13.29752,47.59327,633 13.29824,47.59337,632 13.30012,47.59313,625 13.30122,47.59322,622 13.30226,47.59312,625 13.30433,47.59334,632 13.30506,47.59336,629 13.307,47.59302,611 13.30739,47.59296,608 13.30762,47.59305,604 13.30722,47.59354,596 13.30733,47.59373,593 13.30873,47.59338,573 13.30955,47.59352,570 13.31092,47.59348,567 13.31196,47.59452,563 13.31004,47.59491,562 13.30962,47.59496,561 13.30814,47.59479,565 13.30782,47.59494,567 13.30711,47.59494,571 13.30719,47.5958,578 13.30665,47.59633,579 13.30584,47.59654,581 13.30559,47.59728,585 13.30507,47.59765,590 13.30427,47.59776,594 13.30323,47.59825,599 13.3011,47.59817,608 13.29971,47.59803,618 13.29941,47.59817,622 13.29906,47.5988,628 13.29779,47.59897,627 13.29653,47.59936,623 13.29598,47.59913,623 13.2952,47.59965,625 13.29392,47.60009,631 13.29287,47.60025,640 13.29284,47.60039,641 13.29343,47.6006,647 13.29346,47.60073,649 13.29215,47.60071,664 13.2928,47.60118,669 13.29333,47.60117,672 13.29445,47.60155,668 13.29536,47.60105,663 13.29567,47.6019,658 13.29536,47.60105,663 13.29445,47.60155,668 13.29333,47.60117,672 13.29273,47.60115,668 13.29218,47.60068,663 13.29346,47.60073,649 13.29343,47.6006,647 13.29284,47.60039,641 13.29287,47.60025,640 13.29392,47.60009,631 13.2952,47.59965,625 13.29604,47.59912,622 13.29666,47.59948,622 13.29662,47.60004,623 13.29682,47.60026,626 13.29733,47.60028,631 13.29805,47.60006,636 13.29814,47.60091,638 13.29761,47.60134,638 13.29692,47.60268,639 13.29674,47.60337,641 13.29667,47.60468,652 13.297,47.60545,661 13.29651,47.60616,658 13.29674,47.60744,650 13.29756,47.60789,651 13.29795,47.60833,654 13.29926,47.60897,658 13.29976,47.60964,658 13.30084,47.61022,661 13.3017,47.61124,660 13.30306,47.61242,666 13.30378,47.61298,666 13.30571,47.61354,667 13.30644,47.61373,669 13.30736,47.61374,668 13.3078,47.61425,669 13.3097,47.61466,673 13.3098,47.61468,673 13.31067,47.61517,680 13.31208,47.61557,679 13.3136,47.61572,674 13.3157,47.61548,679 13.3158,47.61546,679 13.31798,47.61577,676 13.31801,47.61577,676 13.32023,47.61553,675 13.32092,47.61545,676 13.32311,47.61544,682 13.32317,47.61545,682 13.32516,47.61605,687 13.32612,47.61633,684 13.32832,47.61641,681 13.32853,47.61645,681 13.32875,47.6167,681 13.32906,47.61812,684 13.32918,47.61852,685 13.32964,47.61902,688 13.33134,47.61984,696 13.33311,47.62061,690 13.33324,47.62068,690 13.33439,47.62191,694 13.33482,47.62249,694 13.33636,47.6234,696 13.33774,47.62434,701 13.33815,47.62565,710 13.33819,47.62571,710 13.33959,47.62679,722 13.34055,47.62814,738 13.34105,47.62884,750 13.34192,47.62972,763 13.34231,47.63102,770 13.34251,47.6314,771 13.34318,47.63126,773 13.34438,47.63144,776 13.3447,47.63114,778 13.34515,47.63103,780 13.34583,47.63122,783 13.34667,47.63115,785 13.34693,47.63106,786 13.34704,47.63072,789 13.34732,47.63065,791 13.34876,47.63132,805 13.35084,47.6311,825 13.35106,47.63107,828 13.35312,47.63121,844 13.35395,47.63128,849 13.35535,47.6318,858 13.35743,47.63175,871 13.35827,47.63184,878 13.35963,47.63169,884 13.36091,47.63127,895 13.3616,47.63084,903 13.36373,47.63087,917 13.36577,47.63083,928 13.36674,47.63069,936 13.36796,47.6308,944 13.36886,47.63103,948 13.37053,47.63195,964 13.37178,47.63254,977 13.37307,47.63366,986 13.37368,47.63431,990 13.37515,47.63526,996 13.37525,47.63526,996 13.37562,47.63515,997 13.37569,47.63491,998 13.37577,47.63423,1003 13.37551,47.63358,1007 13.37562,47.63258,1019 13.37486,47.63148,1036 13.37557,47.63123,1039 13.37562,47.6306,1046 13.3759,47.63046,1047 13.37647,47.63072,1048 13.37687,47.63068,1051 13.37741,47.63084,1056 13.37882,47.63165,1069 13.38088,47.63165,1074 13.38148,47.63163,1078 13.38308,47.6324,1088 13.38524,47.63242,1104 13.3862,47.63237,1106 13.38834,47.63274,1111 13.39037,47.63318,1116 13.39234,47.6335,1119 13.39419,47.63322,1125 13.39501,47.6337,1123 13.39709,47.63398,1122 13.39737,47.63404,1122 13.39925,47.6345,1134 13.40119,47.63498,1142 13.40172,47.63512,1143 13.40294,47.63507,1144 13.40408,47.63472,1141 13.40511,47.63473,1141 13.40598,47.63514,1146 13.4067,47.63656,1151 13.40697,47.63696,1150 13.40882,47.63754,1157 13.41009,47.63682,1164 13.41069,47.63621,1167 13.41183,47.63607,1166 13.41305,47.63707,1166 13.41456,47.63798,1155 13.41479,47.6386,1158 13.41569,47.63947,1165 13.41742,47.64037,1178 13.41842,47.64093,1180 13.41898,47.64238,1186 13.41918,47.64277,1187 13.42056,47.64311,1189 13.42136,47.64294,1193 13.42321,47.6435,1206 13.42361,47.64367,1207 13.42525,47.64387,1200 13.42582,47.6444,1191 13.42654,47.64475,1186 13.42749,47.64601,1181 13.42789,47.64634,1179 13.42882,47.64685,1173 13.43029,47.64721,1165 13.43101,47.64756,1163 13.43212,47.64886,1159 13.43278,47.65021,1157 13.43324,47.65098,1157 13.43156,47.65187,1159 13.43129,47.65268,1164 13.43085,47.65272,1166 13.43052,47.65307,1168 13.43113,47.65322,1170 13.43052,47.65307,1168 13.43085,47.65272,1168 13.43129,47.65268,1167 13.43159,47.6531,1167 13.4315,47.65361,1173 13.43175,47.65427,1176 13.43226,47.65429,1175 13.4327,47.65388,1171 13.43321,47.65401,1167 13.43473,47.65397,1162 13.43567,47.65363,1162 13.43687,47.65437,1167 13.43706,47.65507,1174 13.43771,47.65547,1181 13.4378,47.65571,1183 13.43735,47.65696,1199 13.43869,47.65796,1201 13.43966,47.65831,1192 13.44057,47.65828,1184 13.44121,47.65842,1180 13.44258,47.65939,1170 13.44276,47.65956,1168 13.44279,47.65924,1165 13.44323,47.65879,1163 13.44177,47.65772,1166 13.44056,47.65673,1165 13.44031,47.65633,1165 13.43964,47.6559,1167 13.43878,47.65569,1169 13.43815,47.6546,1165 13.43658,47.65377,1160 13.43656,47.65376,1160 13.43558,47.65355,1158 13.43447,47.65244,1154 13.4336,47.65153,1155 13.4348,47.65154,1158 13.43594,47.65123,1160 13.43722,47.65032,1161 13.43844,47.64924,1162 13.43874,47.64888,1160 13.43996,47.64892,1152 13.44052,47.64868,1149 13.44189,47.64941,1160 13.44304,47.64937,1169 13.44394,47.64881,1180 13.44411,47.64807,1184 13.4438,47.64832,1187 13.44339,47.6484,1189 13.44261,47.64796,1198 13.44259,47.64662,1226 13.44314,47.64648,1232 13.44342,47.64578,1238 13.44272,47.64538,1245 13.44268,47.64488,1248 13.4424,47.64455,1250 13.44198,47.64439,1252 13.44157,47.64382,1255 13.441,47.64287,1265 13.44087,47.64178,1283 13.44056,47.64147,1286 13.43933,47.641,1292 13.43923,47.64066,1293 13.43854,47.64068,1297 13.438,47.64048,1301 13.43756,47.64057,1305 13.43735,47.64038,1307 13.43742,47.63946,1317 13.43703,47.63908,1320 13.43737,47.63881,1323 13.4376,47.63796,1329 13.43753,47.63658,1344 13.43748,47.63521,1355 13.43679,47.63446,1361 13.43689,47.63389,1361 13.43622,47.63321,1357 13.43606,47.63263,1348 13.43505,47.63174,1331 13.43498,47.63096,1325 13.43444,47.63051,1321 13.43387,47.62923,1307 13.43391,47.62901,1304 13.43309,47.62792,1289 13.43288,47.62669,1295 13.43213,47.62541,1299 13.4316,47.62456,1302 13.4311,47.62417,1304 13.43053,47.62319,1304 13.43099,47.62277,1302 13.43094,47.62213,1304 13.43064,47.62192,1305 13.43141,47.62063,1324 13.43193,47.61968,1332 13.4321,47.6189,1343 13.43181,47.61808,1351 13.43197,47.61741,1356 13.43259,47.61671,1358 13.43194,47.61623,1356 13.43206,47.6155,1343 13.43186,47.61487,1334 13.43043,47.61397,1325 13.43006,47.61311,1325 13.43009,47.61215,1320 13.43059,47.6111,1310 13.43105,47.61068,1306 13.43238,47.61018,1295 13.43255,47.60902,1287 13.43168,47.60821,1274 13.43174,47.60759,1263 13.43145,47.60696,1255 13.43216,47.6062,1253 13.43196,47.60538,1259 13.43267,47.60508,1265 13.4329,47.60438,1272 13.43268,47.60362,1280 13.43351,47.6023,1295 13.43355,47.6022,1297 13.4337,47.60083,1321 13.43367,47.60048,1322 13.43392,47.5998,1321 13.43293,47.59905,1323 13.43189,47.59849,1328 13.43143,47.59846,1327 13.43184,47.59788,1324 13.43237,47.59763,1320 13.43238,47.59734,1319 13.43164,47.59667,1317 13.43107,47.5955,1314 13.43119,47.59439,1316 13.43089,47.59387,1310 13.43086,47.5933,1300 13.43039,47.59286,1293 13.43045,47.59255,1294 13.42928,47.59239,1291 13.43002,47.5911,1266 13.43015,47.59068,1261 13.42878,47.58972,1245 13.42875,47.5896,1243 13.43,47.58848,1224 13.43019,47.5883,1221 13.4311,47.58698,1212 13.43117,47.58687,1212 13.4311,47.58671,1212 13.42908,47.58649,1215 13.4288,47.58646,1216 13.42721,47.58692,1216 13.42663,47.5875,1216 13.4265,47.5881,1217 13.42566,47.58852,1211 13.42474,47.5885,1206 13.42535,47.58837,1201 13.42575,47.58789,1197 13.42428,47.58839,1183 13.42402,47.58892,1176 13.42255,47.58992,1156 13.42245,47.59,1154 13.42066,47.59071,1141 13.41891,47.59157,1120 13.41711,47.59225,1094 13.41695,47.59232,1092 13.41531,47.59323,1077 13.41413,47.59342,1064 13.41365,47.59432,1056 13.41291,47.59465,1047 13.41303,47.59425,1040 13.41244,47.59439,1035 13.412,47.59498,1027 13.41083,47.59542,1018 13.41135,47.59505,1013 13.41148,47.59472,1007 13.41124,47.59393,989 13.4109,47.5937,984 13.41092,47.59246,964 13.41124,47.59206,957 13.4119,47.59171,952 13.41146,47.5916,950 13.40973,47.59234,940 13.40936,47.59249,935 13.40861,47.59114,905 13.40783,47.59042,900 13.40873,47.58945,898 13.40845,47.58838,897 13.40679,47.58742,895 13.40519,47.58654,896 13.40408,47.58597,894 13.40372,47.58534,889 13.40263,47.58418,862 13.40243,47.584,858 13.40144,47.58374,853 13.40075,47.58339,851 13.39954,47.58333,847 13.39742,47.58363,836 13.39567,47.58395,843 13.39534,47.58367,846 13.39542,47.58258,844 13.39456,47.58232,839 13.39344,47.58245,836 13.39141,47.58309,835 13.39083,47.58328,831 13.38981,47.58342,825 13.38981,47.58324,824 13.39062,47.58283,821 13.39184,47.58178,810 13.39217,47.5813,806 13.39221,47.58069,804 13.39326,47.57949,795 13.39344,47.57913,792 13.39272,47.57877,786 13.39184,47.5787,784 13.3898,47.57899,773 13.38956,47.57903,771 13.38821,47.57944,757 13.38855,47.5786,745 13.38841,47.57726,729 13.38837,47.57678,724 13.38981,47.57635,712 13.39071,47.57643,706 13.39084,47.57611,704 13.38984,47.57572,693 13.38945,47.57481,672 13.38901,47.57438,665 13.38774,47.57413,659 13.387,47.57369,654 13.38599,47.57378,645 13.38578,47.57364,639 13.3836,47.5739,639 13.38318,47.57392,642 13.38105,47.57367,658 13.38065,47.57365,662 13.38021,47.57349,668 13.37962,47.57259,690 13.37988,47.57133,704 13.37973,47.57073,706 13.37886,47.5701,706 13.37929,47.57074,707 13.37927,47.57135,707 13.37912,47.5713,707 13.37891,47.57075,709 13.37804,47.56988,720 13.37751,47.5697,724 13.37729,47.56925,733 13.37656,47.56865,744 13.37609,47.5686,748 13.37581,47.56796,753 13.37509,47.5674,761 13.37491,47.56689,762 13.37338,47.56779,764 13.37275,47.56808,766 13.37049,47.56817,785 13.36971,47.56823,792 13.36893,47.56838,798 13.36831,47.56868,800 13.36652,47.56902,799 13.36601,47.56895,798 13.36547,47.5686,797 13.36441,47.56764,795 13.36245,47.56717,795 13.36205,47.56706,795 13.3612,47.56643,797 13.3599,47.56584,798 13.35837,47.56555,789 13.35716,47.56579,782 13.35612,47.56562,780 13.35486,47.56478,778 13.35537,47.56419,777 13.35527,47.56397,776 13.3537,47.56386,768 13.35148,47.5641,749 13.35086,47.56409,744 13.34991,47.56432,734 13.34958,47.56391,730 13.35024,47.56334,727 13.35014,47.56323,726 13.34861,47.56382,720 13.34813,47.56352,719 13.34736,47.56385,718 13.34683,47.56353,717 13.34594,47.5637,717 13.34549,47.56312,719 13.34577,47.56266,722 13.34501,47.56238,726 13.34449,47.56242,728 13.34438,47.56211,728 13.34346,47.56123,723 13.34144,47.56185,704 13.34119,47.56196,702 13.34085,47.56192,698 13.33997,47.5623,688 13.33945,47.5619,682 13.33792,47.56176,669 13.33619,47.56106,669 13.33593,47.56095,670 13.33459,47.56103,666 13.33302,47.5608,654 13.3312,47.56139,648 13.33008,47.56209,652 13.32913,47.56205,657 13.32862,47.56184,661 13.32823,47.56205,663 13.32779,47.56204,667 13.32686,47.56134,682 13.32681,47.5608,690 13.32535,47.56064,706 13.32389,47.55972,724 13.32299,47.55909,722 13.32212,47.55885,719 13.32193,47.55809,720 13.3205,47.55702,724 13.31927,47.55606,717 13.31907,47.55577,713 13.31916,47.55517,707 13.31783,47.55495,704 13.31644,47.55387,701 13.31569,47.55335,705 13.31438,47.55279,723 13.31376,47.55274,736 13.3124,47.55308,755 13.31141,47.55314,769 13.3095,47.55368,797 13.30758,47.55418,823 13.30744,47.55423,826 13.30606,47.55519,829 13.3051,47.55577,818 13.30421,47.55596,808 13.30246,47.55665,801 13.30161,47.55698,798 13.29991,47.55777,791 13.29826,47.55855,800 13.29814,47.55859,801 13.2976,47.559,803 13.29604,47.55945,803 13.29516,47.56005,799 13.29336,47.56078,780 13.29189,47.56142,766 13.29165,47.56102,762 13.29124,47.56139,760 13.2901,47.56192,747 13.28966,47.56173,740 13.28998,47.56218,730 13.28953,47.56254,723 13.28961,47.56295,719 13.2892,47.56313,717 13.28859,47.56428,709 13.28694,47.56502,696 13.28551,47.56611,686 13.28486,47.56668,684 13.28361,47.56742,681 13.28281,47.5682,672 13.28264,47.56826,672 13.28252,47.5681,670 13.28289,47.56771,667 13.28258,47.56778,664 13.28129,47.56883,651 13.27992,47.56993,632 13.27859,47.57093,621 13.27761,47.57164,614 13.2759,47.57237,604 13.27461,47.57286,595 13.27409,47.57253,589 13.2738,47.57253,587 13.27324,47.573,577 13.27262,47.57326,571 13.27182,47.57285,564 13.27128,47.57291,557 13.27062,47.5736,546 13.27087,47.57394,542 13.27074,47.57436,540 13.27006,47.5739,531 13.26926,47.57406,522 13.26893,47.57498,515 13.26812,47.57594,516 13.26786,47.57613,514 13.26719,47.57619,513 13.26758,47.57677,513 13.26942,47.5775,515 13.26971,47.57809,514 13.26896,47.57949,517 13.26886,47.57967,517 13.26798,47.58077,515 13.26732,47.58134,513 13.26665,47.58159,512 13.26623,47.58247,523 13.26661,47.58297,525 13.26689,47.58239,526 13.2675,47.58196,530 13.26857,47.58159,536 13.26937,47.58034,540 13.26953,47.58012,541 13.26986,47.58004,542 13.26951,47.58076,549 13.26938,47.58176,565 13.26983,47.5831,590 13.27014,47.58418,595 13.26994,47.58478,591 13.26926,47.5856,584 13.26908,47.5864,579 13.26959,47.58751,569 13.27073,47.58808,567 13.2702,47.58801,569 13.27002,47.58821,570 13.26898,47.58798,576 13.26771,47.58813,583 13.26707,47.58805,597 13.26643,47.58839,609 13.26593,47.58845,618 13.26666,47.58865,630 13.26556,47.58864,632 13.26666,47.58865,630 13.26593,47.58845,618 13.26643,47.58839,608 13.26716,47.58804,595 13.26771,47.58813,583 13.26907,47.58799,576 13.27002,47.58821,575 13.27092,47.58951,590 13.27149,47.59013,589 13.27288,47.59093,578 13.27323,47.59173,593 13.27207,47.592,614 13.27228,47.59234,623 13.27175,47.59218,626 13.2714,47.59125,643 13.27041,47.59065,659 13.26953,47.5894,665 13.26948,47.58928,665 13.26912,47.58909,670 13.26894,47.58933,674 13.26944,47.59007,701 13.2697,47.5914,728 13.2694,47.5918,739 13.26816,47.59241,760 13.26737,47.59322,771 13.26765,47.5921,789 13.26818,47.59146,797 13.26821,47.59098,800 13.26752,47.59063,802 13.26668,47.59056,807 13.26592,47.59093,812 13.26384,47.59138,836 13.26363,47.59142,838 13.2639,47.59159,842 13.26352,47.59191,847 13.26215,47.59255,858 13.26117,47.59286,862 13.2604,47.59292,864 13.2585,47.59372,883 13.2585,47.59372,883 13.25771,47.59382,891 13.25751,47.5943,896 13.25689,47.59447,898 13.25645,47.59581,911 13.25644,47.59582,911 13.25611,47.59608,914 13.25546,47.5962,918 13.25496,47.59681,932 13.25491,47.59717,937 13.25461,47.59737,942 13.25481,47.59753,944 13.2542,47.5975,949 13.25301,47.59796,957 13.25162,47.59819,954 13.25065,47.59797,951 13.25072,47.59827,947 13.24909,47.59851,935 13.24973,47.59815,930 13.24872,47.59827,924 13.2474,47.598,903 13.24683,47.59804,896 13.24756,47.59781,887 13.24694,47.59769,883 13.24736,47.59749,878 13.24686,47.59737,873 13.246,47.59622,849 13.24588,47.59605,847 13.24456,47.59487,827 13.24367,47.5941,817 13.24299,47.59401,808 13.2428,47.59333,799 13.24333,47.59338,790 13.24341,47.59327,789 13.24256,47.59282,774 13.24321,47.5928,769 13.24359,47.59294,767 13.24366,47.59284,764 13.24315,47.5926,759 13.24286,47.59218,755 13.24199,47.59198,745 13.24201,47.59184,742 13.24245,47.59187,739 13.24204,47.59154,732 13.24137,47.59149,722 13.24131,47.59139,721 13.24191,47.59119,719 13.24185,47.59106,717 13.24112,47.59111,704 13.24108,47.59095,702 13.24182,47.5906,694 13.24153,47.59047,686 13.24096,47.5905,680 13.2418,47.59018,674 13.24094,47.59002,665 13.24088,47.5899,662 13.2418,47.58981,657 13.24278,47.59016,647 13.24253,47.58975,643 13.24292,47.58936,632 13.24131,47.58844,599 13.24099,47.58825,597 13.24108,47.58808,593 13.24066,47.58733,581 13.24087,47.58684,574 13.23989,47.58565,553 13.23948,47.5852,544 13.23775,47.58442,530 13.23707,47.5845,525 13.23652,47.58409,520 13.2367,47.58351,516 13.23752,47.58328,510 13.23717,47.58234,500 13.23525,47.58217,498 13.23503,47.58225,497 13.23496,47.58256,496 13.2347,47.58185,495 13.23272,47.58211,494 13.23059,47.58228,493 13.23051,47.58229,493 13.22957,47.58256,492 13.22794,47.58349,493 13.22629,47.58432,492 13.22578,47.58457,492 13.22393,47.58533,489 13.22393,47.58533,489 13.22451,47.58666,491 13.22238,47.58673,492 13.22098,47.58742,491 13.21972,47.58779,491 13.21814,47.58867,490 13.21677,47.58933,489 13.21469,47.58958,486 13.21375,47.58977,486 13.2117,47.58993,486 13.21084,47.58999,486 13.20893,47.59065,487 13.208,47.59097,489 13.20752,47.59096,489 13.2065,47.59062,488 13.20476,47.59127,490 13.20417,47.5914,489 13.20282,47.59121,487 13.20088,47.59148,492 13.19887,47.5912,495 13.19864,47.59118,496 13.19819,47.59141,499 13.19668,47.5913,514 13.19825,47.59188,532 13.19816,47.59202,534 13.19623,47.59166,544 13.19576,47.59155,541 13.19605,47.59158,539 13.19544,47.59135,533 13.19383,47.59119,517 13.19246,47.59053,504 13.19044,47.59004,491 13.18841,47.59036,487 13.18825,47.59039,487 13.18818,47.5902,486 13.18647,47.5908,485 13.1852,47.59096,487 13.18338,47.59089,488 13.18131,47.59046,488 13.18016,47.59023,488 13.1793,47.59021,486 13.1784,47.59033,481 13.17757,47.59063,477 13.17583,47.59159,475 13.17411,47.5925,476 13.17248,47.59333,475 13.1712,47.59408,476 13.17033,47.59337,475 13.16992,47.59355,475 13.16922,47.59269,472 13.16901,47.59304,472 13.16854,47.59218,469 13.16698,47.5922,469 13.1671,47.59272,469 13.16682,47.59283,469 13.1666,47.59377,469 13.16588,47.59521,468 13.16541,47.59602,469 13.16526,47.59674,469 13.16565,47.59693,469 13.16557,47.59727,470 13.16586,47.59733,470 13.16597,47.59778,469 13.16525,47.59907,468 13.16462,47.60037,468</coordinates></LineString></Placemark>
<Placemark><name>Hirschbichl-hágó–Lofer nagy kör (84.8 km, 1723 m)</name><description><![CDATA[<b>Hirschbichl-hágó–Lofer nagy kör</b> – GENERÁLT NYOMVONAL<br/>A nagy királyetap: Hallthurmon és Bischofswiesenen át Ramsauba, a Hintersee mellett a Klausbachtal nemzeti parki murvaútján fel a Hirschbichl-hágóra (1183 m), le Weißbach bei Loferbe a Seisenbergklamm mellett, majd a Saalach völgyén Loferen, Unkenen és Melleck-en át vissza. Hosszú, de a táj mindent visz.<br/><br/>Táv: 84.8 km · Szint: 1723 m · Max: 1186 m · Idő: ~7.0 ó<br/>Nehézség: nehéz · Értékelés: ★★★★★<br/>Burkolat: aszfalt 59.6%, kemény murva 38.4%, laza/erdei 0.0%, ösvény 2.0%<br/>Indulás: Közvetlenül a szálloda elől indul | Autóval ~30 perc: Parkplatz Hintersee West (Ramsau) | Vonattal: Berchtesgaden Hbf (~30 perc Bad Reichenhall Hbf-ről)<br/>Október: A Hirschbichl 1183 m: október elején hó/jég lehetséges, a nemzeti parki úton busz is jár (Almerlebnisbus, általában okt. közepéig). A Klausbachtal felső szakasza meredek (12–15%), murvás – erős áttétel kell. Napnyugta 18:50 körül: indulj 8:30-ig, lámpa legyen nálad.]]></description><styleUrl>#nehez</styleUrl><LineString><tessellate>1</tessellate><coordinates>12.88384,47.7269,478 12.88439,47.72655,479 12.88387,47.72612,482 12.88385,47.72585,484 12.8841,47.72577,485 12.88522,47.72601,493 12.8856,47.72597,496 12.8864,47.72517,511 12.88686,47.72389,525 12.88762,47.72328,529 12.88832,47.72314,529 12.88979,47.72329,526 12.89185,47.72328,519 12.89316,47.72324,517 12.89531,47.7235,519 12.8973,47.72377,523 12.89799,47.72391,525 12.89862,47.72331,529 12.89936,47.72231,535 12.89925,47.72223,535 12.90061,47.72111,538 12.90136,47.72032,539 12.90145,47.71994,539 12.90334,47.72007,538 12.90355,47.719,539 12.90515,47.7188,537 12.9071,47.71814,544 12.90738,47.71807,545 12.9094,47.71781,550 12.9104,47.71763,553 12.91223,47.71708,558 12.91271,47.71687,559 12.91282,47.71634,561 12.91368,47.71623,565 12.91402,47.71498,579 12.91391,47.71388,588 12.91534,47.71271,603 12.91506,47.71252,605 12.91473,47.71255,609 12.9138,47.71153,624 12.91476,47.71117,631 12.91586,47.71035,638 12.91757,47.70955,645 12.91891,47.70884,651 12.91948,47.70819,660 12.91963,47.70736,665 12.92035,47.70726,669 12.92094,47.70669,674 12.92149,47.70651,678 12.92168,47.70627,680 12.92224,47.70617,684 12.92285,47.7057,691 12.92405,47.70561,694 12.92588,47.70495,689 12.92677,47.70498,687 12.92797,47.70463,689 12.92835,47.70329,709 12.92867,47.70279,723 12.93,47.70167,747 12.93004,47.70164,747 12.9317,47.70067,739 12.93171,47.70067,739 12.93193,47.70029,733 12.93257,47.69984,726 12.93219,47.69945,722 12.93301,47.69907,722 12.9336,47.6979,720 12.93425,47.69749,712 12.9345,47.69712,705 12.93547,47.69688,698 12.93538,47.6963,698 12.93506,47.6959,702 12.93592,47.6945,723 12.93611,47.69416,730 12.9358,47.69331,747 12.93601,47.69221,763 12.93547,47.6909,772 12.93509,47.69007,773 12.93421,47.68886,752 12.93404,47.68855,747 12.93318,47.68818,739 12.93261,47.68724,725 12.93281,47.68704,723 12.9336,47.68693,720 12.93355,47.68672,718 12.93435,47.68661,710 12.9352,47.68682,703 12.9357,47.68627,697 12.93774,47.68629,683 12.93784,47.68629,683 12.93776,47.68507,684 12.93727,47.68359,682 12.93721,47.68336,682 12.93682,47.68309,683 12.93625,47.6817,686 12.93561,47.68049,681 12.93557,47.67997,680 12.93611,47.67862,672 12.93663,47.67763,667 12.93753,47.67638,667 12.93769,47.67606,669 12.93771,47.67548,670 12.93824,47.67466,669 12.93904,47.67401,668 12.93922,47.67315,666 12.94029,47.67199,661 12.94056,47.67166,660 12.94138,47.67167,659 12.94227,47.67034,658 12.94232,47.67027,657 12.94331,47.67037,655 12.94504,47.66959,652 12.9468,47.66879,650 12.94696,47.66873,650 12.94776,47.6674,645 12.94807,47.66692,644 12.94968,47.66629,644 12.95117,47.66532,640 12.95187,47.66471,639 12.95287,47.66352,637 12.95373,47.66222,636 12.95418,47.66158,635 12.95479,47.66024,630 12.95533,47.65893,627 12.95595,47.65757,628 12.95632,47.65681,628 12.9577,47.65566,622 12.95901,47.65464,620 12.95934,47.65442,620 12.9603,47.65309,617 12.96035,47.65301,617 12.96077,47.65209,616 12.96048,47.65199,616 12.96062,47.65161,615 12.96126,47.65076,614 12.961,47.65064,614 12.96192,47.64952,619 12.96241,47.64895,624 12.96186,47.64871,627 12.96176,47.64832,628 12.96234,47.6471,635 12.96286,47.64661,637 12.96122,47.64567,649 12.96109,47.64559,650 12.96053,47.64471,662 12.95959,47.64466,673 12.95876,47.64503,685 12.95707,47.64508,710 12.9566,47.64526,715 12.95589,47.64611,731 12.95398,47.64657,751 12.95373,47.64661,753 12.95267,47.64765,764 12.95122,47.64809,780 12.95114,47.6485,783 12.95158,47.64871,785 12.95136,47.64886,787 12.95005,47.64899,803 12.94824,47.64862,819 12.94808,47.64897,826 12.947,47.64898,835 12.94674,47.64939,846 12.94589,47.64939,854 12.94514,47.64982,862 12.94366,47.64944,871 12.94168,47.64927,876 12.94041,47.64908,881 12.93843,47.64955,875 12.93726,47.64972,875 12.93721,47.64953,875 12.93568,47.64886,876 12.93463,47.64902,876 12.93253,47.64885,875 12.93151,47.64888,871 12.93006,47.6485,871 12.9286,47.64884,872 12.92794,47.64868,871 12.92711,47.64818,871 12.92648,47.64724,872 12.92563,47.6472,873 12.92444,47.64611,887 12.92434,47.64601,887 12.92421,47.64548,890 12.92301,47.64517,894 12.92186,47.64436,903 12.92092,47.64405,916 12.92082,47.64362,923 12.92058,47.6435,926 12.92025,47.64341,929 12.91923,47.64355,936 12.91892,47.64344,937 12.91752,47.64245,943 12.91617,47.64147,949 12.91491,47.6409,951 12.91435,47.64038,952 12.91374,47.63914,964 12.91257,47.63788,973 12.91249,47.63779,973 12.91171,47.6365,982 12.91152,47.63612,984 12.91052,47.63494,988 12.91049,47.6349,988 12.90986,47.63389,992 12.90963,47.63306,997 12.90916,47.63286,999 12.90929,47.63193,1005 12.90848,47.63062,1022 12.90758,47.63012,1029 12.90735,47.62937,1031 12.90619,47.62824,1030 12.90494,47.62717,1035 12.90447,47.6267,1037 12.90443,47.62559,1036 12.90395,47.62442,1029 12.90401,47.62291,1026 12.90396,47.62265,1026 12.90319,47.62137,1015 12.90289,47.62084,1009 12.90237,47.62042,1001 12.90176,47.62028,994 12.90198,47.61972,985 12.90315,47.6188,968 12.90309,47.6182,960 12.9024,47.61763,944 12.90344,47.61676,929 12.90496,47.61675,924 12.9032,47.61639,912 12.90285,47.61649,907 12.90252,47.61555,876 12.90193,47.61498,861 12.90088,47.61503,854 12.90008,47.61529,852 12.89955,47.61559,852 12.89949,47.61597,849 12.8989,47.61485,832 12.89841,47.61512,827 12.89817,47.61503,826 12.89854,47.61474,820 12.8984,47.61377,802 12.89882,47.61289,789 12.89864,47.61232,781 12.89801,47.61149,760 12.89798,47.61025,733 12.89761,47.6095,703 12.89799,47.60928,693 12.89798,47.60911,689 12.89771,47.6085,682 12.89945,47.60843,675 12.90034,47.60885,673 12.90096,47.60882,672 12.9018,47.60818,665 12.9018,47.60706,656 12.9026,47.60691,656 12.90253,47.60674,656 12.90213,47.60679,656 12.90153,47.60717,657 12.90073,47.60686,658 12.89939,47.60716,660 12.89867,47.60706,662 12.898,47.60715,666 12.8964,47.60638,677 12.89633,47.60627,678 12.896,47.60646,676 12.89493,47.6064,669 12.89488,47.60665,667 12.89358,47.60681,670 12.89147,47.60674,674 12.88989,47.60663,680 12.88793,47.60671,693 12.88731,47.60715,693 12.88782,47.6075,693 12.88688,47.60784,693 12.88483,47.60807,693 12.88387,47.60823,696 12.88312,47.60853,700 12.88117,47.60892,706 12.88092,47.60898,706 12.87887,47.60921,709 12.87754,47.6093,712 12.87681,47.60909,714 12.87603,47.6091,716 12.87489,47.60956,721 12.87357,47.60973,719 12.87171,47.60904,722 12.87084,47.60879,726 12.87009,47.60901,732 12.86919,47.60903,737 12.86804,47.60865,754 12.86659,47.60847,767 12.86445,47.60849,787 12.86255,47.60858,799 12.86101,47.60877,808 12.85929,47.60947,807 12.85825,47.60967,806 12.85685,47.60922,807 12.85484,47.60902,804 12.85324,47.60877,798 12.85226,47.60789,797 12.85248,47.60781,797 12.85239,47.6076,797 12.85205,47.60763,797 12.85182,47.6073,797 12.8505,47.60625,796 12.85003,47.60598,794 12.8498,47.60474,791 12.84831,47.60383,793 12.84806,47.60362,794 12.84748,47.60255,798 12.84676,47.6021,798 12.84682,47.60172,797 12.84864,47.60235,794 12.85063,47.60277,798 12.85193,47.60312,798 12.85325,47.60433,796 12.85405,47.60507,796 12.85495,47.60547,796 12.8571,47.60533,797 12.85793,47.60524,798 12.85855,47.60466,799 12.85914,47.60472,799 12.8594,47.6052,800 12.85839,47.60498,799 12.85805,47.60528,797 12.85594,47.60551,796 12.8555,47.60556,796 12.85476,47.60548,796 12.85343,47.60464,795 12.85237,47.6035,797 12.85193,47.60312,797 12.84987,47.60261,795 12.84835,47.60226,794 12.84635,47.60155,795 12.8463,47.60153,795 12.84486,47.60044,795 12.84355,47.59933,801 12.84221,47.59815,808 12.84158,47.59768,809 12.83998,47.59684,808 12.83959,47.59664,809 12.83815,47.5956,816 12.83706,47.59479,820 12.83594,47.5945,821 12.83449,47.59355,823 12.83408,47.5933,824 12.83279,47.59214,829 12.83212,47.59162,830 12.83167,47.5903,828 12.83166,47.59028,828 12.83092,47.58941,830 12.82927,47.5885,836 12.82888,47.58828,837 12.82775,47.58729,837 12.82676,47.58599,839 12.82648,47.58573,840 12.82508,47.58466,846 12.82499,47.58458,846 12.8234,47.58403,850 12.82204,47.58377,856 12.82049,47.58283,861 12.82023,47.58266,861 12.81905,47.58172,865 12.81712,47.58116,882 12.81542,47.58068,897 12.81389,47.58076,909 12.81203,47.58034,926 12.81064,47.58013,936 12.81032,47.57987,936 12.8091,47.57942,940 12.80793,47.57834,951 12.80722,47.57707,953 12.80712,47.57689,954 12.8059,47.5758,958 12.80545,47.57537,961 12.80447,47.57524,965 12.80276,47.57442,965 12.80213,47.57423,966 12.80077,47.5733,967 12.80058,47.57229,973 12.79986,47.571,991 12.7998,47.57085,993 12.79943,47.57071,997 12.79906,47.5709,1003 12.79885,47.57082,1006 12.79956,47.57,1029 12.80072,47.56924,1052 12.80091,47.56867,1058 12.8,47.56742,1056 12.79916,47.56613,1060 12.79916,47.56611,1060 12.79902,47.56535,1064 12.79921,47.56487,1065 12.79891,47.56353,1065 12.79885,47.56331,1067 12.79807,47.56224,1073 12.79792,47.56118,1079 12.79824,47.56011,1085 12.79808,47.559,1095 12.7975,47.55797,1117 12.79716,47.55663,1141 12.79713,47.55657,1142 12.79643,47.55625,1146 12.79609,47.55572,1150 12.79468,47.55505,1163 12.79441,47.55465,1169 12.7943,47.55347,1185 12.79466,47.5525,1183 12.79548,47.55116,1167 12.79578,47.55066,1166 12.79536,47.5503,1166 12.79503,47.54958,1167 12.79519,47.5482,1156 12.79519,47.54805,1153 12.79551,47.54768,1148 12.79539,47.54665,1132 12.79451,47.54532,1110 12.79386,47.54476,1103 12.79306,47.54364,1083 12.79202,47.54278,1052 12.79138,47.54181,1025 12.78991,47.5411,1015 12.78876,47.54028,1000 12.7905,47.53957,981 12.79126,47.53959,977 12.79071,47.53937,978 12.79079,47.53926,978 12.79119,47.5393,979 12.79154,47.53906,981 12.79099,47.53826,991 12.7907,47.5382,990 12.78992,47.53876,987 12.78956,47.53875,983 12.78877,47.53849,981 12.78825,47.53761,978 12.78608,47.5377,958 12.78561,47.5377,955 12.78472,47.5371,944 12.78281,47.53652,929 12.78081,47.53598,920 12.7804,47.53582,918 12.77896,47.53477,909 12.77767,47.53367,903 12.77646,47.53271,903 12.77462,47.53202,900 12.77453,47.53194,899 12.77443,47.53139,898 12.77387,47.53083,898 12.77315,47.52956,899 12.77275,47.52891,896 12.77143,47.52793,884 12.77149,47.52723,876 12.77025,47.52683,863 12.77004,47.52599,854 12.77023,47.52554,847 12.7699,47.52553,842 12.76961,47.52588,838 12.76935,47.52594,836 12.76907,47.52542,828 12.76819,47.52523,824 12.76754,47.52488,816 12.76676,47.52522,812 12.76472,47.52532,792 12.76324,47.52434,794 12.76128,47.52401,788 12.76063,47.52325,784 12.75952,47.52329,777 12.75882,47.52316,767 12.75825,47.52275,759 12.75802,47.52229,750 12.75812,47.52092,723 12.75818,47.52008,716 12.75789,47.52013,713 12.75764,47.52098,704 12.75745,47.52105,703 12.75698,47.52018,690 12.75515,47.51944,667 12.75464,47.51924,667 12.75427,47.51974,666 12.75381,47.51972,665 12.7531,47.52016,665 12.75289,47.52034,665 12.75309,47.52057,664 12.75206,47.52143,664 12.75183,47.52145,664 12.75166,47.52173,664 12.75117,47.52177,665 12.75027,47.52218,666 12.75136,47.52214,666 12.75029,47.5222,665 12.75,47.52182,665 12.74854,47.5222,662 12.74771,47.52262,662 12.74656,47.52375,664 12.74606,47.52415,663 12.74499,47.52477,661 12.74314,47.52541,660 12.74123,47.52605,663 12.7404,47.52633,664 12.73866,47.52654,669 12.73755,47.52689,674 12.73643,47.52755,677 12.73553,47.5284,675 12.73377,47.52922,688 12.73275,47.52958,686 12.73212,47.5301,685 12.73113,47.53056,687 12.72988,47.53176,690 12.72976,47.53183,690 12.72825,47.53232,690 12.72702,47.53244,691 12.72636,47.5328,691 12.72588,47.53288,689 12.72501,47.53382,688 12.72349,47.53473,684 12.72292,47.53496,681 12.72175,47.53615,671 12.72148,47.53641,670 12.72064,47.5365,671 12.72006,47.53677,673 12.71951,47.53806,675 12.71896,47.53905,675 12.71919,47.54041,674 12.71931,47.5414,669 12.71918,47.54286,661 12.71916,47.54375,661 12.71932,47.54463,666 12.71906,47.54529,667 12.71986,47.54669,662 12.72053,47.54808,657 12.72098,47.54863,653 12.72123,47.54951,656 12.72192,47.55062,661 12.72213,47.55165,661 12.72281,47.55307,655 12.72306,47.55391,653 12.72388,47.55523,646 12.72394,47.55531,646 12.7222,47.55627,641 12.72045,47.55714,650 12.7192,47.55778,659 12.71803,47.55896,649 12.71708,47.56009,653 12.71544,47.56102,643 12.71483,47.56148,640 12.71389,47.56285,639 12.71354,47.56339,638 12.71283,47.5635,637 12.71165,47.56425,636 12.70982,47.56491,635 12.70779,47.56536,636 12.70683,47.56553,635 12.70585,47.56593,634 12.70494,47.56717,631 12.70449,47.56767,630 12.7037,47.56902,629 12.70277,47.57033,629 12.70197,47.57157,627 12.70112,47.57289,632 12.70057,47.57379,630 12.69961,47.57498,629 12.69914,47.5757,628 12.69892,47.57657,629 12.69903,47.57792,628 12.69909,47.57908,626 12.699,47.58059,628 12.69898,47.58078,628 12.69826,47.5809,627 12.69788,47.58239,624 12.69788,47.5824,624 12.69745,47.58278,624 12.6963,47.58319,623 12.69569,47.58324,623 12.69527,47.58353,623 12.69465,47.58353,622 12.69469,47.58404,622 12.69381,47.58444,623 12.69325,47.58574,625 12.69324,47.58576,625 12.69359,47.58581,626 12.69384,47.58637,627 12.6947,47.58609,627 12.69485,47.5865,627 12.695,47.58645,627 12.6953,47.58671,627 12.69462,47.58692,627 12.6935,47.58676,627 12.69348,47.58711,626 12.69317,47.58738,626 12.69421,47.58842,623 12.69438,47.58838,622 12.69581,47.58927,619 12.6957,47.58991,621 12.69512,47.59016,624 12.695,47.59131,628 12.69613,47.59253,620 12.69713,47.59345,623 12.69729,47.59402,623 12.69767,47.5944,623 12.69842,47.59567,621 12.69895,47.59664,620 12.70062,47.59756,614 12.70064,47.59757,614 12.7012,47.5977,613 12.70215,47.59855,612 12.70264,47.60001,605 12.7027,47.60021,603 12.70322,47.60064,601 12.70385,47.60202,592 12.70385,47.60204,592 12.70387,47.60267,589 12.70364,47.60306,587 12.70415,47.60427,584 12.70483,47.60471,582 12.70673,47.60531,578 12.70704,47.60583,578 12.70702,47.60647,578 12.70584,47.6071,579 12.70536,47.60776,578 12.70545,47.6085,575 12.7062,47.6096,574 12.7061,47.61024,575 12.70559,47.61118,576 12.70604,47.61143,575 12.70609,47.61226,572 12.70677,47.61351,567 12.70721,47.61425,564 12.70779,47.61572,561 12.70808,47.61641,561 12.70906,47.61761,561 12.70945,47.61813,562 12.70984,47.61921,571 12.71087,47.61991,570 12.712,47.62035,564 12.71378,47.62053,561 12.71406,47.62067,562 12.71472,47.62136,562 12.71618,47.62249,556 12.71733,47.62339,556 12.71888,47.62433,560 12.72041,47.62527,555 12.72043,47.62529,554 12.7209,47.62669,549 12.72105,47.62696,549 12.72256,47.62799,557 12.72292,47.62823,558 12.72469,47.62908,561 12.7265,47.62996,561 12.72708,47.63029,560 12.72788,47.63117,563 12.728,47.6318,578 12.72781,47.6332,582 12.72797,47.63375,575 12.72772,47.63525,558 12.72763,47.63661,552 12.7276,47.63676,553 12.72736,47.63691,557 12.72756,47.63821,570 12.72746,47.63927,558 12.72729,47.64024,554 12.72671,47.64097,554 12.72642,47.64181,550 12.72642,47.64202,548 12.72704,47.64205,545 12.72715,47.6426,544 12.72698,47.64274,545 12.72624,47.64272,546 12.72412,47.64241,549 12.72368,47.64234,550 12.72172,47.6423,558 12.72144,47.64269,563 12.72041,47.6429,573 12.72017,47.64359,579 12.71892,47.64432,581 12.72087,47.6449,580 12.72205,47.64524,578 12.7233,47.64588,576 12.72427,47.64698,574 12.725,47.64829,568 12.72554,47.64928,564 12.72694,47.64967,557 12.72815,47.64978,551 12.7299,47.65035,544 12.72909,47.65173,547 12.72897,47.65205,548 12.72904,47.65247,550 12.72964,47.65329,553 12.72949,47.6544,569 12.72899,47.65512,576 12.72869,47.65605,586 12.72812,47.65658,586 12.7291,47.65677,582 12.72953,47.65716,577 12.72998,47.65715,575 12.73015,47.65749,574 12.73147,47.65801,570 12.73154,47.65823,570 12.73221,47.65824,572 12.73209,47.65869,575 12.73168,47.65904,578 12.73241,47.65906,579 12.7332,47.65948,579 12.73326,47.66018,582 12.73442,47.6613,591 12.73492,47.6617,593 12.73582,47.66177,593 12.73658,47.66236,591 12.73744,47.66263,593 12.7378,47.66291,593 12.73915,47.66303,591 12.74112,47.66368,584 12.74166,47.66388,584 12.74274,47.66449,586 12.74413,47.6648,583 12.74575,47.6654,582 12.74785,47.66542,585 12.74827,47.66535,589 12.74864,47.66568,590 12.74944,47.66575,588 12.74966,47.66531,582 12.7503,47.66506,575 12.75142,47.66526,564 12.75186,47.66509,562 12.75171,47.66498,561 12.7519,47.6648,559 12.75264,47.66497,557 12.75325,47.66543,559 12.7535,47.66614,564 12.75383,47.66636,565 12.75364,47.66657,567 12.75434,47.66785,572 12.75444,47.66802,572 12.75401,47.66922,581 12.7542,47.66963,584 12.75453,47.6697,586 12.75499,47.66952,589 12.75529,47.66884,596 12.75648,47.66867,604 12.75644,47.66888,605 12.75572,47.66906,606 12.75565,47.66927,606 12.75609,47.67023,612 12.75712,47.67104,613 12.75863,47.67209,612 12.76078,47.67254,609 12.76202,47.67287,608 12.76366,47.67374,599 12.76419,47.67413,597 12.76492,47.67433,597 12.76538,47.67482,598 12.76569,47.67478,599 12.76655,47.67603,593 12.76686,47.67645,591 12.76805,47.67765,590 12.76957,47.67877,584 12.76966,47.67884,582 12.77109,47.67945,578 12.77222,47.67961,578 12.77324,47.68003,580 12.77526,47.68051,578 12.77542,47.68056,577 12.77757,47.68084,572 12.77835,47.68111,571 12.77969,47.68118,568 12.78073,47.68091,570 12.78215,47.6803,580 12.78316,47.67949,575 12.78455,47.67892,549 12.78478,47.67864,543 12.78473,47.67829,538 12.78541,47.67869,532 12.7862,47.67873,528 12.78698,47.67947,525 12.78739,47.68034,532 12.78799,47.68095,535 12.78952,47.68202,531 12.79104,47.683,526 12.79117,47.6831,525 12.79243,47.68422,524 12.79385,47.68534,522 12.79529,47.68642,516 12.79639,47.68731,512 12.79626,47.68749,513 12.79642,47.68772,513 12.79689,47.68797,515 12.79664,47.68801,517 12.79702,47.68908,531 12.79769,47.68945,531 12.79873,47.68964,526 12.79948,47.69012,520 12.80042,47.69001,515 12.80163,47.69037,510 12.80177,47.68917,507 12.80227,47.68864,506 12.80266,47.6885,507 12.80283,47.68777,509 12.80357,47.68756,513 12.80396,47.687,516 12.8048,47.68693,519 12.80626,47.68652,522 12.80783,47.68573,523 12.8079,47.68568,522 12.80849,47.68565,523 12.81023,47.68643,520 12.81059,47.68659,521 12.81128,47.68657,521 12.8116,47.68614,525 12.81152,47.68546,531 12.81216,47.68444,528 12.81287,47.68477,522 12.81401,47.68437,511 12.81556,47.68346,512 12.81703,47.68249,519 12.81744,47.68222,522 12.81781,47.68092,529 12.81807,47.68045,529 12.81847,47.68016,528 12.81963,47.67987,524 12.81978,47.67859,519 12.82062,47.67865,515 12.82217,47.67834,511 12.82274,47.67872,511 12.82307,47.67842,511 12.82386,47.67916,509 12.82446,47.67922,508 12.82595,47.67904,504 12.82651,47.67914,502 12.82783,47.67864,500 12.82795,47.67838,500 12.82833,47.67837,500 12.8285,47.67869,503 12.82964,47.67896,509 12.83072,47.67962,514 12.83194,47.68011,517 12.8335,47.68096,512 12.83377,47.68113,510 12.8352,47.6822,505 12.83523,47.68223,505 12.83603,47.68362,497 12.83641,47.68435,495 12.83737,47.6857,498 12.83802,47.68657,497 12.83951,47.68751,501 12.84114,47.68847,498 12.84176,47.68885,496 12.84319,47.6899,497 12.84449,47.69084,493 12.84504,47.69172,492 12.84545,47.69292,494 12.84627,47.69319,494 12.84681,47.6936,496 12.84716,47.69363,496 12.84792,47.69489,497 12.84879,47.69627,495 12.84911,47.69675,494 12.84892,47.69687,494 12.84925,47.69747,496 12.85005,47.69787,500 12.85042,47.69917,497 12.85092,47.69958,495 12.85141,47.70052,493 12.85249,47.70173,496 12.85269,47.70207,497 12.8531,47.70313,496 12.85321,47.70405,491 12.85275,47.70443,490 12.85305,47.70491,489 12.85346,47.70509,489 12.85432,47.70511,493 12.85621,47.70581,496 12.85629,47.70584,496 12.85742,47.70595,496 12.85884,47.70702,495 12.86036,47.70795,497 12.86132,47.70859,496 12.86192,47.70937,494 12.86173,47.70882,493 12.86192,47.70937,493 12.86279,47.70995,492 12.86457,47.71063,487 12.86511,47.7109,487 12.86607,47.7116,488 12.86759,47.71233,482 12.86816,47.71289,481 12.86914,47.71316,483 12.87106,47.71394,481 12.87208,47.71447,480 12.87315,47.71562,483 12.87384,47.71687,477 12.87372,47.71827,474 12.87369,47.71834,474 12.87301,47.71876,473 12.87462,47.71911,474 12.87491,47.71907,474 12.87559,47.72044,474 12.87641,47.72172,474 12.87662,47.72203,474 12.87719,47.72264,475 12.87791,47.7224,474 12.87919,47.72346,471 12.87997,47.72413,471 12.88042,47.7248,470 12.8803,47.72555,471 12.88111,47.72633,471 12.88209,47.72703,469 12.88311,47.72749,471 12.88384,47.7269,472</coordinates></LineString></Placemark>
<Placemark><name>Saalach–Mußbach kör (36.3 km, 615 m)</name><description><![CDATA[<b>Saalach–Mußbach kör</b> – GENERÁLT NYOMVONAL<br/>Csendes völgyi kör a Saalach mentén délre. A Saalachsee gátja után a régi völgyi utakon Jettenbergbe, majd a Mußbach erdei murvaútján kapaszkodsz, és a folyó túlsó partján gurulsz vissza. Kevés szint, sok murva – kezdőknek is jó.<br/><br/>Táv: 36.3 km · Szint: 615 m · Max: 677 m · Idő: ~3.0 ó<br/>Nehézség: közepes · Értékelés: ★★★☆☆<br/>Burkolat: aszfalt 38.7%, kemény murva 54.8%, laza/erdei 0.0%, ösvény 6.5%<br/>Indulás: Közvetlenül a szálloda elől indul | Autóval ~8 perc: Parkplatz Seewirt, Thumsee | Vonattal: Bad Reichenhall-Kirchberg (~3 perc Bad Reichenhall Hbf-ről)<br/>Október: A Saalach menti utat esőzés után helyenként elmossa a víz – ilyenkor maradj a B21 melletti kerékpárúton.]]></description><styleUrl>#kozepes</styleUrl><LineString><tessellate>1</tessellate><coordinates>12.88384,47.7269,478 12.88437,47.72662,478 12.88435,47.72641,479 12.88387,47.72612,481 12.8838,47.72566,482 12.88319,47.725,481 12.88225,47.72454,476 12.88132,47.72493,474 12.88082,47.72441,472 12.88023,47.72441,470 12.87903,47.72332,472 12.87791,47.7224,474 12.87719,47.72264,475 12.87621,47.72143,474 12.8759,47.72098,474 12.87513,47.71966,474 12.87491,47.71907,474 12.87325,47.71872,473 12.87301,47.71876,473 12.87369,47.71834,474 12.87385,47.71695,477 12.87384,47.71687,477 12.87315,47.71562,483 12.87208,47.71447,481 12.87038,47.71366,483 12.86914,47.71316,483 12.86816,47.71289,481 12.86759,47.71233,482 12.86607,47.7116,488 12.86511,47.7109,487 12.86329,47.71016,491 12.86279,47.70995,492 12.86192,47.70937,493 12.86173,47.70882,493 12.86192,47.70937,494 12.86132,47.70859,496 12.85974,47.7076,496 12.85827,47.70664,495 12.85742,47.70595,496 12.85629,47.70584,496 12.85449,47.70516,493 12.85432,47.70511,493 12.85346,47.70509,489 12.85305,47.70491,489 12.85275,47.70443,490 12.85321,47.70405,491 12.8531,47.70313,496 12.85269,47.70207,497 12.85166,47.70081,493 12.85141,47.70052,493 12.85092,47.69958,495 12.85042,47.69917,497 12.85005,47.69787,500 12.84925,47.69747,496 12.84892,47.69687,494 12.84911,47.69675,494 12.84819,47.6954,498 12.84739,47.69401,497 12.84716,47.69363,496 12.84681,47.6936,496 12.84627,47.69319,494 12.84545,47.69292,494 12.84504,47.69172,492 12.84449,47.69084,493 12.84303,47.68979,497 12.84176,47.68885,497 12.84014,47.68788,501 12.83852,47.68694,497 12.83802,47.68657,497 12.83703,47.68523,497 12.83641,47.68435,495 12.83571,47.683,501 12.83523,47.68223,505 12.83383,47.68117,510 12.83377,47.68113,510 12.83217,47.68023,516 12.83194,47.68011,517 12.83072,47.67962,513 12.82964,47.67896,509 12.8285,47.67869,503 12.82833,47.67837,500 12.82795,47.67838,500 12.82783,47.67864,500 12.82651,47.67914,502 12.82595,47.67904,503 12.82446,47.67922,508 12.82386,47.67916,509 12.82307,47.67842,511 12.82274,47.67872,511 12.82217,47.67834,511 12.82062,47.67865,514 12.81978,47.67859,518 12.81963,47.67987,524 12.81847,47.68016,528 12.81807,47.68045,529 12.81763,47.68186,524 12.81744,47.68222,522 12.81588,47.68323,514 12.81423,47.68424,511 12.81401,47.68437,511 12.81287,47.68477,523 12.81216,47.68444,527 12.81152,47.68546,531 12.8116,47.68614,526 12.81128,47.68657,521 12.81059,47.68659,521 12.80886,47.68589,523 12.80849,47.68565,522 12.8079,47.68568,522 12.80626,47.68652,522 12.8048,47.68693,520 12.80396,47.687,516 12.80357,47.68756,513 12.80283,47.68777,508 12.80266,47.6885,507 12.80227,47.68864,506 12.80177,47.68917,507 12.80163,47.69037,510 12.80042,47.69001,516 12.79966,47.69018,519 12.79873,47.68964,526 12.79769,47.68945,531 12.79702,47.68908,530 12.79664,47.68801,517 12.79689,47.68797,515 12.79642,47.68772,513 12.79626,47.68749,512 12.79639,47.68731,512 12.79496,47.68617,518 12.7935,47.68507,524 12.79209,47.68395,524 12.79117,47.6831,526 12.78969,47.68213,531 12.78828,47.68116,535 12.78799,47.68095,535 12.78739,47.68034,531 12.78698,47.67947,525 12.7862,47.67873,527 12.78541,47.67869,532 12.78473,47.67829,538 12.78478,47.67864,543 12.78455,47.67892,549 12.78316,47.67949,575 12.78215,47.6803,580 12.78073,47.68091,570 12.77969,47.68118,569 12.77835,47.68111,571 12.77757,47.68084,572 12.77557,47.68058,577 12.77542,47.68056,577 12.77353,47.6801,580 12.77324,47.68003,580 12.77222,47.67961,578 12.77123,47.6795,578 12.76966,47.67884,582 12.76832,47.67782,590 12.76805,47.67765,590 12.76693,47.67652,591 12.76686,47.67645,591 12.76597,47.67519,598 12.76569,47.67478,599 12.76538,47.67482,598 12.76492,47.67433,597 12.76419,47.67413,597 12.76256,47.67312,605 12.76202,47.67287,608 12.76,47.6724,610 12.75863,47.67209,612 12.75716,47.67107,613 12.75712,47.67104,613 12.75609,47.67023,612 12.75565,47.66927,605 12.75572,47.66906,606 12.75644,47.66888,605 12.75648,47.66867,604 12.75529,47.66884,596 12.75499,47.66952,589 12.75453,47.6697,586 12.7542,47.66963,584 12.75401,47.66933,582 12.75408,47.6688,577 12.75436,47.66838,574 12.75484,47.66823,574 12.75468,47.66719,567 12.75558,47.66695,565 12.75693,47.66699,562 12.75766,47.66675,558 12.75743,47.66628,555 12.75736,47.66484,543 12.75797,47.66433,538 12.75723,47.66401,532 12.757,47.66364,531 12.75629,47.66366,532 12.75622,47.66277,540 12.75736,47.66262,546 12.75935,47.66332,537 12.75971,47.6634,536 12.76176,47.66352,538 12.76384,47.66378,539 12.76473,47.66384,534 12.76605,47.66483,528 12.76716,47.66505,528 12.76737,47.66544,528 12.76771,47.66562,529 12.76992,47.66559,524 12.77008,47.66559,524 12.77125,47.6653,525 12.77255,47.66556,529 12.77331,47.66591,530 12.77465,47.66693,527 12.77494,47.66724,526 12.77656,47.66814,529 12.77661,47.66817,529 12.77785,47.66929,523 12.77855,47.66935,524 12.77904,47.6696,525 12.77994,47.67091,520 12.78007,47.67106,519 12.78088,47.6709,519 12.78229,47.6719,526 12.78396,47.67174,534 12.78444,47.67138,536 12.78522,47.67115,546 12.78546,47.67086,550 12.78529,47.67002,563 12.78599,47.6693,569 12.78544,47.66826,575 12.78506,47.66822,575 12.78511,47.66793,576 12.78583,47.66774,578 12.78609,47.6674,582 12.7873,47.66676,595 12.78786,47.66665,599 12.78851,47.66677,604 12.78906,47.66655,611 12.78936,47.66636,614 12.78936,47.6656,621 12.78957,47.66538,625 12.79007,47.6662,641 12.79026,47.66609,645 12.79019,47.66638,652 12.79049,47.66615,657 12.79068,47.66628,661 12.79058,47.6665,666 12.79094,47.66649,672 12.79138,47.66769,675 12.79107,47.66841,670 12.79153,47.669,668 12.79165,47.66962,668 12.7922,47.67019,665 12.79257,47.67113,664 12.79196,47.67168,666 12.79194,47.67206,668 12.79107,47.67182,670 12.79016,47.67188,672 12.78971,47.67212,673 12.78969,47.67264,674 12.78922,47.67368,664 12.78821,47.67377,654 12.78792,47.67335,643 12.78704,47.67363,626 12.78683,47.67396,614 12.78664,47.67369,601 12.78642,47.67392,593 12.78623,47.67383,590 12.78621,47.67259,576 12.78586,47.67193,564 12.7847,47.67139,544 12.78426,47.67177,538 12.78488,47.67309,532 12.78532,47.67411,537 12.78617,47.67492,543 12.7866,47.67505,544 12.7871,47.67608,547 12.78802,47.67663,547 12.78842,47.67716,545 12.78809,47.67764,543 12.78822,47.67816,539 12.78925,47.6788,536 12.79062,47.67924,534 12.79146,47.68004,532 12.79178,47.68076,535 12.79269,47.68183,537 12.79403,47.68293,535 12.79416,47.68305,535 12.79553,47.68374,532 12.79577,47.68436,526 12.79634,47.68483,519 12.79807,47.68567,521 12.7995,47.68647,517 12.80082,47.68692,516 12.80224,47.68771,514 12.80278,47.68781,510 12.80268,47.68854,507 12.80407,47.68925,515 12.80361,47.69005,520 12.80398,47.69028,521 12.80386,47.69043,521 12.80265,47.69047,517 12.8006,47.69006,514 12.80042,47.69001,515 12.79966,47.69018,518 12.80071,47.69117,522 12.80064,47.69197,524 12.80114,47.69304,523 12.802,47.69385,518 12.80254,47.69383,520 12.80292,47.69526,528 12.80294,47.69542,528 12.80277,47.6963,531 12.80211,47.69722,531 12.80194,47.69736,531 12.8018,47.69712,532 12.80105,47.69836,539 12.80098,47.69973,565 12.80084,47.70125,576 12.80095,47.70188,583 12.80199,47.70311,602 12.80273,47.70396,613 12.80447,47.70431,624 12.80543,47.70509,626 12.8059,47.70513,626 12.80734,47.70484,625 12.80897,47.70562,624 12.80897,47.70562,624 12.8088,47.70573,624 12.80919,47.70617,625 12.8093,47.70664,627 12.80894,47.70801,635 12.80898,47.70855,627 12.80998,47.70983,602 12.81048,47.71078,600 12.81175,47.71155,594 12.81286,47.71253,587 12.81408,47.71311,578 12.8156,47.71412,565 12.81593,47.71434,564 12.81706,47.71533,554 12.81883,47.71601,542 12.81894,47.71605,541 12.81844,47.71646,540 12.81844,47.71679,540 12.81962,47.7175,538 12.8202,47.71801,541 12.82067,47.71877,543 12.82164,47.71935,543 12.82347,47.72017,538 12.82455,47.72071,541 12.8254,47.72082,545 12.82729,47.72136,549 12.82808,47.72165,550 12.82919,47.72175,552 12.83055,47.72221,556 12.83263,47.72227,566 12.83463,47.72234,584 12.83615,47.7224,589 12.83839,47.72259,580 12.839,47.72265,576 12.84059,47.72302,565 12.84214,47.72373,555 12.84297,47.72449,552 12.84342,47.72586,547 12.8437,47.72634,542 12.84571,47.72638,517 12.84639,47.72633,512 12.8473,47.72686,510 12.84824,47.72696,508 12.84892,47.72757,505 12.84976,47.7278,500 12.85085,47.72862,486 12.85249,47.72859,477 12.85405,47.72755,470 12.85478,47.72698,467 12.85557,47.72681,466 12.85648,47.72688,465 12.85802,47.72778,465 12.85937,47.72853,465 12.8612,47.72919,466 12.86233,47.72949,469 12.86324,47.7304,472 12.86517,47.73117,472 12.86694,47.7319,474 12.86782,47.73228,473 12.86856,47.73275,470 12.86966,47.73263,466 12.87086,47.73207,468 12.87189,47.7309,466 12.8722,47.73048,465 12.87393,47.73122,467 12.87397,47.73124,467 12.87519,47.72998,469 12.87634,47.72882,470 12.8781,47.72789,470 12.87973,47.72706,471 12.88111,47.72633,470 12.88209,47.72703,469 12.88311,47.72749,471 12.88384,47.7269,472</coordinates></LineString></Placemark>
<Placemark><name>Schwarzbachwacht–Mordaualm (54.1 km, 1587 m)</name><description><![CDATA[<b>Schwarzbachwacht–Mordaualm</b> – GENERÁLT NYOMVONAL<br/>Hegyi félnapos: a Saalachsee mellől a Schwarzbach völgyén a Schwarzbachwacht-hágóra (868 m), onnan erdei murvaúton a Mordaualm csendes legelőire, majd Ramsau felé ereszkedsz és Bischofswiesenen, Hallthurmon át érsz haza. A Reiter Alpe és a Watzmann között.<br/><br/>Táv: 54.1 km · Szint: 1587 m · Max: 1203 m · Idő: ~5.6 ó<br/>Nehézség: nehéz · Értékelés: ★★★★☆<br/>Burkolat: aszfalt 37.8%, kemény murva 51.4%, laza/erdei 0.0%, ösvény 10.7%<br/>Indulás: Közvetlenül a szálloda elől indul | Autóval ~10 perc: Wanderparkplatz Hallthurm | Vonattal: Bischofswiesen (~22 perc Bad Reichenhall Hbf-ről)<br/>Október: A Mordaualm kunyhói (Hinterkeilhofkaser) általában szeptember végén–október elején zárnak. A Schwarzbachwacht felé a B305 forgalmas, szűk – ha van mellette erdei út, a track azt használja.]]></description><styleUrl>#nehez</styleUrl><LineString><tessellate>1</tessellate><coordinates>12.88384,47.7269,478 12.88437,47.72662,478 12.88435,47.72641,479 12.88387,47.72612,481 12.8838,47.72566,482 12.88319,47.725,481 12.88225,47.72454,476 12.88132,47.72493,474 12.88082,47.72441,472 12.88023,47.72441,470 12.87903,47.72332,472 12.87791,47.7224,474 12.87719,47.72264,475 12.87621,47.72143,474 12.8759,47.72098,474 12.87513,47.71966,474 12.87491,47.71907,474 12.87325,47.71872,473 12.87301,47.71876,473 12.87369,47.71834,474 12.87385,47.71695,477 12.87384,47.71687,477 12.87315,47.71562,483 12.87208,47.71447,481 12.87038,47.71366,483 12.86914,47.71316,483 12.86816,47.71289,481 12.86759,47.71233,482 12.86607,47.7116,488 12.86511,47.7109,487 12.86329,47.71016,491 12.86279,47.70995,492 12.86192,47.70937,493 12.86173,47.70882,493 12.86192,47.70937,494 12.86132,47.70859,496 12.85974,47.7076,496 12.85827,47.70664,495 12.85742,47.70595,496 12.85629,47.70584,496 12.85449,47.70516,493 12.85432,47.70511,493 12.85346,47.70509,489 12.85305,47.70491,489 12.85275,47.70443,490 12.85321,47.70405,491 12.8531,47.70313,496 12.85269,47.70207,497 12.85166,47.70081,493 12.85141,47.70052,493 12.85092,47.69958,495 12.85042,47.69917,497 12.85005,47.69787,500 12.84925,47.69747,496 12.84892,47.69687,494 12.84911,47.69675,494 12.84819,47.6954,498 12.84739,47.69401,497 12.84716,47.69363,496 12.84681,47.6936,496 12.84627,47.69319,494 12.84545,47.69292,494 12.84504,47.69172,492 12.84449,47.69084,493 12.84303,47.68979,497 12.84176,47.68885,497 12.84014,47.68788,501 12.83852,47.68694,497 12.83802,47.68657,497 12.83703,47.68523,497 12.83641,47.68435,495 12.83571,47.683,501 12.83523,47.68223,505 12.83383,47.68117,510 12.83377,47.68113,510 12.83217,47.68023,516 12.83194,47.68011,517 12.83072,47.67962,513 12.82964,47.67896,509 12.82836,47.67857,502 12.8283,47.67843,502 12.82851,47.67855,502 12.8284,47.67837,504 12.82869,47.67856,505 12.82995,47.67862,516 12.83024,47.67876,519 12.83007,47.67825,522 12.83026,47.67812,525 12.831,47.67865,532 12.83131,47.6786,534 12.83047,47.67737,542 12.83041,47.67728,543 12.8303,47.67667,540 12.82976,47.67631,539 12.82862,47.67618,541 12.82859,47.67596,542 12.82902,47.67541,552 12.82882,47.67435,566 12.8283,47.67371,574 12.82623,47.67324,584 12.8246,47.67297,588 12.8236,47.67297,592 12.82299,47.67279,595 12.8217,47.67186,600 12.81963,47.67199,610 12.8191,47.67202,611 12.81849,47.6723,611 12.8179,47.67302,612 12.81725,47.67301,614 12.81582,47.67232,616 12.81387,47.67178,620 12.81368,47.6717,621 12.81275,47.67095,624 12.81076,47.67069,628 12.80995,47.67057,631 12.80797,47.67,637 12.80777,47.66993,637 12.80583,47.6696,638 12.80524,47.66949,638 12.80392,47.66974,639 12.80195,47.66951,637 12.8,47.66921,642 12.79891,47.66915,646 12.79749,47.66958,646 12.79616,47.67062,648 12.79591,47.67075,650 12.79483,47.67072,654 12.79429,47.67104,657 12.79256,47.67113,662 12.79212,47.66989,663 12.79265,47.66952,661 12.79275,47.66891,658 12.792,47.66834,660 12.7925,47.66796,665 12.7937,47.66763,675 12.79401,47.66739,677 12.79609,47.66708,676 12.79644,47.66702,675 12.79764,47.66615,682 12.79821,47.6654,685 12.80029,47.66578,674 12.80153,47.66695,660 12.80162,47.66703,660 12.80302,47.66793,648 12.80488,47.66867,649 12.80576,47.66895,650 12.80507,47.66825,652 12.80512,47.66711,663 12.80431,47.66586,689 12.80479,47.66558,698 12.80448,47.66541,703 12.80491,47.66537,711 12.80447,47.6651,722 12.80474,47.66513,727 12.80503,47.66495,734 12.80475,47.6647,742 12.8058,47.6645,762 12.80548,47.6639,777 12.80605,47.66363,791 12.80608,47.6632,799 12.80653,47.66306,805 12.80621,47.6627,814 12.80577,47.66277,826 12.80526,47.66246,839 12.80547,47.66238,843 12.80527,47.66222,850 12.80643,47.66131,885 12.80691,47.66104,899 12.80617,47.66091,913 12.80666,47.66046,931 12.80622,47.66038,941 12.80673,47.65988,958 12.80652,47.6598,965 12.80712,47.65968,976 12.8068,47.65936,985 12.80722,47.6594,993 12.80712,47.65921,997 12.80776,47.65898,1008 12.80856,47.65896,1014 12.80914,47.65969,1017 12.80916,47.65955,1017 12.80945,47.65973,1021 12.80944,47.65947,1026 12.80989,47.65972,1036 12.81104,47.65975,1049 12.81159,47.66,1054 12.813,47.65986,1054 12.81311,47.66032,1054 12.81366,47.66042,1053 12.81391,47.66068,1051 12.81469,47.66153,1044 12.81458,47.66167,1041 12.81479,47.6617,1038 12.81474,47.66215,1027 12.81578,47.66287,997 12.81661,47.66404,971 12.81782,47.6642,953 12.81763,47.66433,951 12.81856,47.66465,941 12.81977,47.66497,936 12.82079,47.66479,933 12.82095,47.66504,933 12.82177,47.66549,930 12.82384,47.66581,928 12.82526,47.66608,925 12.82621,47.6659,930 12.82657,47.6655,927 12.8272,47.66599,925 12.82758,47.66601,922 12.82813,47.66558,921 12.82925,47.66505,919 12.82955,47.66515,919 12.82993,47.66503,919 12.83022,47.66448,924 12.83008,47.66433,925 12.83042,47.6641,929 12.83066,47.66419,930 12.83172,47.66394,924 12.83329,47.66284,926 12.8334,47.66275,925 12.8335,47.6625,926 12.83466,47.6618,920 12.83535,47.66091,922 12.83534,47.66065,922 12.83595,47.66075,922 12.83742,47.66037,916 12.83829,47.65979,910 12.83865,47.65975,911 12.83984,47.65866,915 12.84066,47.65801,913 12.84133,47.65668,905 12.84134,47.65667,905 12.8423,47.65606,888 12.84228,47.65584,882 12.84284,47.65542,871 12.8436,47.65418,836 12.84407,47.65387,827 12.84403,47.65366,823 12.84486,47.65315,809 12.84472,47.65272,800 12.84573,47.65213,777 12.84659,47.65076,747 12.84678,47.65044,740 12.84697,47.6503,736 12.84738,47.65059,730 12.84799,47.65039,727 12.84809,47.65054,725 12.84823,47.65016,723 12.84808,47.64964,725 12.84742,47.64827,735 12.84739,47.64823,735 12.84757,47.64782,736 12.84802,47.64754,736 12.84775,47.64658,737 12.84803,47.64594,739 12.84765,47.64528,741 12.84771,47.6442,741 12.84742,47.64388,742 12.84711,47.64276,746 12.8477,47.64184,745 12.84838,47.64159,744 12.84889,47.64105,747 12.84871,47.63962,763 12.84874,47.63825,782 12.84884,47.63725,801 12.84867,47.63683,813 12.84808,47.63632,822 12.84986,47.63616,839 12.85142,47.63574,858 12.85329,47.63653,881 12.85331,47.63654,881 12.85379,47.63655,884 12.85494,47.63627,889 12.85544,47.63636,890 12.85616,47.63605,891 12.85627,47.63619,891 12.85579,47.63661,892 12.85627,47.63619,893 12.85616,47.63605,894 12.85744,47.63544,899 12.85907,47.63516,898 12.8599,47.63449,895 12.86136,47.63389,895 12.86168,47.63339,896 12.86216,47.63316,895 12.86281,47.63296,892 12.86407,47.63296,889 12.86468,47.63277,889 12.86596,47.63228,891 12.86612,47.63187,892 12.86802,47.63123,892 12.86831,47.63106,892 12.87007,47.63095,896 12.87073,47.63043,896 12.87105,47.63049,897 12.87041,47.63091,900 12.87057,47.63108,902 12.87126,47.63086,907 12.87231,47.63079,915 12.87294,47.63112,920 12.87414,47.6311,929 12.87614,47.63167,948 12.87694,47.6319,954 12.87859,47.63287,966 12.88006,47.63382,976 12.8816,47.63475,991 12.88163,47.63477,991 12.88271,47.636,1011 12.88379,47.63726,1021 12.88468,47.63853,1036 12.8857,47.63971,1058 12.88585,47.6399,1062 12.88642,47.6412,1093 12.88694,47.64199,1109 12.88777,47.64269,1120 12.88774,47.64299,1122 12.88726,47.64339,1131 12.88624,47.64339,1140 12.88616,47.6435,1143 12.88693,47.64476,1163 12.88744,47.64568,1175 12.88844,47.64676,1190 12.8887,47.64632,1195 12.88904,47.64647,1197 12.88939,47.64736,1204 12.8887,47.64747,1199 12.88867,47.64699,1194 12.88753,47.64578,1178 12.88744,47.64568,1176 12.88667,47.64435,1158 12.88616,47.6434,1149 12.88434,47.64268,1152 12.88239,47.64206,1167 12.88196,47.64191,1164 12.88192,47.64125,1156 12.88131,47.6399,1135 12.88121,47.6397,1132 12.88215,47.64028,1124 12.88287,47.64047,1121 12.88315,47.64093,1116 12.88359,47.64103,1111 12.88403,47.64085,1107 12.88608,47.64122,1094 12.88637,47.64128,1091 12.8861,47.64024,1071 12.88626,47.63982,1063 12.88761,47.63878,1042 12.88769,47.63872,1041 12.88815,47.63787,1030 12.88899,47.63726,1022 12.88864,47.63708,1018 12.88762,47.63585,994 12.88682,47.63485,984 12.88651,47.63409,982 12.88563,47.63279,980 12.88518,47.63223,976 12.88383,47.63112,960 12.88335,47.63071,954 12.88228,47.62948,943 12.88127,47.62828,928 12.88121,47.62822,927 12.88121,47.6275,921 12.88054,47.62666,916 12.8803,47.62526,907 12.8803,47.62523,907 12.87982,47.62407,895 12.87962,47.62405,894 12.8793,47.62264,887 12.87925,47.62242,886 12.87829,47.62119,871 12.87826,47.62106,870 12.87883,47.61977,865 12.88042,47.6189,854 12.88065,47.61879,852 12.88044,47.61817,849 12.8807,47.61801,848 12.8813,47.618,849 12.88169,47.6183,849 12.8813,47.618,850 12.88188,47.61785,849 12.88248,47.61706,845 12.88371,47.61628,839 12.8858,47.61598,838 12.8878,47.61547,843 12.88832,47.61535,843 12.88977,47.61482,842 12.89008,47.61502,843 12.89135,47.61467,847 12.89269,47.61458,853 12.89348,47.6147,858 12.8939,47.61494,862 12.89366,47.61585,871 12.89399,47.61639,878 12.89476,47.61688,886 12.89621,47.61747,906 12.89747,47.61857,933 12.89771,47.61878,940 12.89871,47.61926,950 12.9,47.6203,974 12.9001,47.62038,975 12.90081,47.62026,980 12.90122,47.62039,983 12.90199,47.6203,993 12.90289,47.62084,1009 12.90365,47.62214,1023 12.90396,47.62265,1026 12.90392,47.62414,1028 12.90395,47.62442,1029 12.90443,47.62559,1036 12.90447,47.6267,1037 12.90573,47.62783,1031 12.90689,47.62897,1029 12.90735,47.62937,1030 12.90758,47.63012,1028 12.90848,47.63062,1022 12.90929,47.63193,1005 12.90916,47.63286,999 12.90963,47.63306,997 12.91001,47.63419,991 12.91107,47.63553,987 12.91152,47.63612,984 12.91236,47.63751,975 12.91249,47.63779,973 12.91358,47.63899,966 12.91374,47.63914,965 12.9145,47.64054,952 12.91457,47.64062,952 12.91617,47.64147,949 12.91765,47.64256,942 12.91892,47.64344,937 12.91923,47.64355,936 12.92025,47.64341,928 12.92058,47.6435,926 12.92082,47.64362,922 12.92092,47.64405,915 12.92186,47.64436,903 12.92301,47.64517,894 12.92421,47.64548,890 12.92434,47.64601,887 12.92553,47.64711,874 12.92563,47.6472,873 12.92648,47.64724,872 12.92711,47.64818,871 12.92794,47.64868,871 12.9286,47.64884,872 12.93006,47.6485,871 12.93151,47.64888,872 12.93357,47.64898,877 12.93463,47.64902,876 12.93568,47.64886,876 12.93721,47.64953,875 12.93726,47.64972,875 12.93927,47.64934,878 12.94041,47.64908,881 12.94243,47.64935,872 12.94366,47.64944,871 12.94514,47.64982,862 12.94589,47.64939,854 12.94674,47.64939,846 12.947,47.64898,835 12.94808,47.64897,826 12.94824,47.64862,819 12.95005,47.64899,802 12.95148,47.64881,786 12.95157,47.64867,784 12.95112,47.64844,782 12.95127,47.64806,780 12.95267,47.64765,764 12.95373,47.64661,753 12.95572,47.64616,734 12.95589,47.64611,731 12.9566,47.64526,715 12.95707,47.64508,709 12.95876,47.64503,686 12.95959,47.64466,674 12.96043,47.64468,663 12.96076,47.64488,660 12.96109,47.64559,650 12.96259,47.6465,638 12.96286,47.64661,637 12.96234,47.6471,635 12.96176,47.64832,628 12.96186,47.64871,627 12.96241,47.64895,625 12.96148,47.65011,615 12.961,47.65064,614 12.96126,47.65076,613 12.96062,47.65161,615 12.96048,47.65199,616 12.96077,47.65209,616 12.96035,47.65301,617 12.95938,47.65438,620 12.95934,47.65442,620 12.95795,47.65543,621 12.95662,47.65654,627 12.95632,47.65681,628 12.95569,47.65811,628 12.95511,47.65946,627 12.95449,47.66093,633 12.95418,47.66158,635 12.95318,47.66294,636 12.95225,47.66418,638 12.95187,47.66471,639 12.9505,47.66567,642 12.94968,47.66629,644 12.94807,47.66692,644 12.94718,47.66818,649 12.94696,47.66873,650 12.94513,47.66956,652 12.94335,47.67036,655 12.94331,47.67037,655 12.94232,47.67027,657 12.9415,47.67152,659 12.94138,47.67167,659 12.94056,47.67166,659 12.9395,47.67285,665 12.93922,47.67315,666 12.93904,47.67401,668 12.93824,47.67466,669 12.93771,47.67548,670 12.93769,47.67606,668 12.93695,47.67733,666 12.93663,47.67763,667 12.93594,47.67896,674 12.93557,47.67997,680 12.93561,47.68049,681 12.93631,47.68183,686 12.93682,47.68309,683 12.93721,47.68336,682 12.93768,47.68475,684 12.93776,47.68507,684 12.93784,47.68629,683 12.93582,47.68625,697 12.9357,47.68627,697 12.9352,47.68682,702 12.93435,47.68661,709 12.93355,47.68672,718 12.9336,47.68693,720 12.93281,47.68704,723 12.93261,47.68724,725 12.93318,47.68818,738 12.93404,47.68855,747 12.93485,47.68982,771 12.93509,47.69007,772 12.93572,47.69144,767 12.93601,47.69221,763 12.9358,47.69331,745 12.93611,47.69416,730 12.93526,47.69548,707 12.93506,47.6959,701 12.93538,47.6963,698 12.93547,47.69688,697 12.9345,47.69712,705 12.93425,47.69749,712 12.9336,47.6979,721 12.93301,47.69907,722 12.93219,47.69945,722 12.93257,47.69984,725 12.93193,47.70029,733 12.93171,47.70067,739 12.93009,47.70161,747 12.93004,47.70164,747 12.9287,47.70276,723 12.92867,47.70279,723 12.92821,47.7041,697 12.92797,47.70463,689 12.92677,47.70498,687 12.92588,47.70495,689 12.92405,47.70561,695 12.92285,47.7057,691 12.92224,47.70617,684 12.92168,47.70627,680 12.92149,47.70651,678 12.92094,47.70669,674 12.92035,47.70726,668 12.91963,47.70736,665 12.91948,47.70819,660 12.91891,47.70884,651 12.91735,47.70966,644 12.91586,47.71035,639 12.91476,47.71117,631 12.9138,47.71153,624 12.91473,47.71255,608 12.91506,47.71252,605 12.91534,47.71271,603 12.91399,47.71381,590 12.91391,47.71388,588 12.91402,47.71498,579 12.91368,47.71623,565 12.91282,47.71634,561 12.91271,47.71687,560 12.91077,47.71753,554 12.9104,47.71763,553 12.90835,47.71794,547 12.90738,47.71807,545 12.90557,47.71868,537 12.90515,47.7188,537 12.90355,47.719,539 12.90334,47.72007,538 12.90145,47.71994,539 12.90136,47.72032,539 12.90021,47.72146,537 12.89925,47.72223,535 12.89936,47.72231,535 12.89862,47.72331,529 12.89799,47.72391,525 12.89589,47.72357,520 12.89366,47.72331,518 12.89316,47.72324,517 12.89104,47.7233,522 12.88979,47.72329,526 12.88832,47.72314,530 12.88762,47.72328,529 12.88686,47.72389,525 12.8864,47.72517,510 12.8856,47.72597,496 12.88522,47.72601,493 12.8841,47.72577,486 12.88385,47.72585,484 12.88387,47.72612,482 12.88439,47.72655,479 12.88384,47.7269,478</coordinates></LineString></Placemark>
<Placemark><name>Watzmann–Königssee kör (30.6 km, 888 m)</name><description><![CDATA[<b>Watzmann–Königssee kör</b> – GENERÁLT NYOMVONAL<br/>Berchtesgadeni képeslap-kör: a vasútállomástól a Königssee partjára (Malerwinkel!), Schönauon át az Engedey felé, majd a Wimbachbrücke és Ramsau templomának ikonikus nézőpontja után a Soleleitungsweg történelmi sóvezeték-útjának bringával járható szakaszán (Zipfhäusl) haladsz, és Ilsanknál a Ramsauer Ache völgyében gurulsz vissza Berchtesgadenbe. Rövid, de minden kanyarban Watzmann.<br/><br/>Táv: 30.6 km · Szint: 888 m · Max: 986 m · Idő: ~2.9 ó<br/>Nehézség: közepes · Értékelés: ★★★★★<br/>Burkolat: aszfalt 70.9%, kemény murva 25.4%, laza/erdei 0.0%, ösvény 3.6%<br/>Indulás: Autóval ~30 perc: Parkplatz Königssee (P1) | Vonattal: Berchtesgaden Hbf (~30 perc Bad Reichenhall Hbf-ről)<br/>Október: A Königssee-parton hétvégén nagyon sok a gyalogos – a Seelände környékén told a bringát. A Soleleitungsweg Gerstreit–Berchtesgaden szakasza gyalogosoknak fenntartott, kerékpárral tilos – a track ezt elkerüli; a járható részen is csengess. Bajor regionális vonaton (BLB, S-Bahn, RB) kerékpár-napijegy kell (DB Fahrradtageskarte Bayern); a hely korlátozott, hétvégén zsúfolt lehet.]]></description><styleUrl>#kozepes</styleUrl><LineString><tessellate>1</tessellate><coordinates>12.99932,47.62609,539 12.99963,47.62531,540 12.99913,47.62408,546 12.99921,47.62316,544 12.99868,47.62185,552 12.99847,47.62137,555 12.99853,47.6199,562 12.99856,47.61903,562 12.99766,47.61769,562 12.99737,47.61734,561 12.99721,47.61592,554 12.99721,47.61591,554 12.99655,47.6147,552 12.99817,47.61434,556 12.99844,47.6141,559 12.99959,47.6142,571 12.99935,47.61349,582 12.99932,47.61224,593 12.9997,47.61116,602 12.99917,47.60981,602 12.99907,47.60957,602 12.99852,47.60874,602 12.99886,47.60733,609 12.99883,47.60712,609 12.99732,47.60619,605 12.99639,47.60554,604 12.99619,47.60465,603 12.99582,47.60431,603 12.99412,47.6036,601 12.99378,47.60346,601 12.9918,47.60309,597 12.99099,47.60307,598 12.99073,47.60283,599 12.99012,47.60145,606 12.9897,47.60005,605 12.98965,47.5999,604 12.98969,47.59888,600 12.98933,47.59764,601 12.98957,47.59614,602 12.98958,47.59598,602 12.98939,47.59515,604 12.98892,47.59445,608 12.98881,47.59368,608 12.98772,47.59313,606 12.98765,47.59296,606 12.98725,47.593,605 12.98717,47.59275,605 12.98746,47.59253,605 12.98774,47.59275,605 12.98847,47.5928,606 12.98864,47.59194,607 12.99081,47.59175,616 12.99138,47.59172,617 12.99147,47.59118,619 12.99228,47.59113,622 12.99051,47.59042,619 12.99001,47.58895,609 12.98963,47.58825,608 12.99034,47.58759,612 12.99053,47.5871,616 12.99017,47.58656,622 12.99031,47.58539,636 12.98962,47.58501,634 12.98954,47.58466,633 12.98962,47.58501,634 12.99031,47.58539,636 12.99017,47.58656,621 12.99053,47.5871,616 12.99034,47.58759,611 12.98942,47.58839,607 12.98955,47.58911,610 12.98879,47.58974,614 12.98819,47.59066,614 12.98768,47.59111,613 12.98654,47.59135,612 12.9858,47.59184,611 12.9856,47.59263,607 12.98583,47.5933,601 12.98468,47.59346,596 12.98417,47.59378,596 12.98374,47.59317,604 12.98365,47.59351,607 12.98281,47.59427,615 12.98134,47.59496,621 12.98044,47.59379,633 12.97908,47.59436,635 12.97771,47.59528,632 12.97728,47.59673,622 12.97715,47.59701,620 12.9773,47.59833,611 12.97694,47.59886,607 12.97608,47.59936,606 12.97593,47.59968,606 12.97634,47.60102,608 12.97578,47.60076,613 12.97511,47.60143,622 12.97386,47.60171,629 12.97294,47.60236,628 12.97243,47.60287,627 12.97224,47.60341,625 12.97286,47.60453,619 12.97092,47.60518,619 12.969,47.60569,629 12.9678,47.60606,634 12.96634,47.60706,643 12.9642,47.60748,649 12.96396,47.60754,649 12.96255,47.60752,654 12.96068,47.60835,655 12.96021,47.6086,656 12.95837,47.60905,664 12.95744,47.60866,670 12.95609,47.60849,681 12.95507,47.60876,686 12.95294,47.60885,687 12.95214,47.60889,689 12.9513,47.60807,700 12.95001,47.6078,698 12.94932,47.60745,696 12.94791,47.60749,696 12.94698,47.60724,700 12.94567,47.60611,722 12.94562,47.60606,722 12.94392,47.60533,733 12.9436,47.60518,736 12.94147,47.60523,744 12.94067,47.6053,744 12.94004,47.60514,742 12.93886,47.60446,735 12.93776,47.60405,733 12.93659,47.60308,732 12.93535,47.60258,717 12.93418,47.6023,702 12.93239,47.60267,680 12.93218,47.60255,679 12.93235,47.60216,677 12.93208,47.60214,676 12.93112,47.60283,657 12.93081,47.60261,653 12.92905,47.60208,638 12.92856,47.60191,637 12.9278,47.60241,635 12.92691,47.60253,634 12.92624,47.60216,635 12.92488,47.60196,636 12.92337,47.60275,634 12.92148,47.60324,636 12.92117,47.6033,637 12.92082,47.60383,637 12.91948,47.60427,636 12.91744,47.60453,636 12.91692,47.60455,637 12.91497,47.60427,641 12.91317,47.60488,644 12.91113,47.60547,646 12.91111,47.60547,646 12.91011,47.6054,647 12.90874,47.60574,649 12.90762,47.60579,650 12.90615,47.60617,651 12.90617,47.60626,651 12.90465,47.60655,653 12.90463,47.60672,653 12.90382,47.60687,653 12.90358,47.60675,654 12.9018,47.60706,655 12.9018,47.60818,665 12.90085,47.60886,672 12.90021,47.60882,674 12.89945,47.60843,675 12.89771,47.6085,682 12.89798,47.60911,690 12.89799,47.60928,693 12.89761,47.6095,704 12.89798,47.61025,732 12.89801,47.61149,759 12.89864,47.61232,780 12.89882,47.61289,790 12.8984,47.61377,803 12.89854,47.61474,820 12.89817,47.61503,829 12.89841,47.61512,833 12.89801,47.61583,850 12.89907,47.61627,868 12.89928,47.61685,881 12.90038,47.61807,911 12.90052,47.61818,913 12.90021,47.61864,918 12.90001,47.61868,919 12.89916,47.61801,918 12.89824,47.61769,915 12.89791,47.61771,914 12.89732,47.61818,913 12.89637,47.61761,912 12.89747,47.61857,933 12.89771,47.61878,940 12.89871,47.61926,950 12.9,47.6203,974 12.9001,47.62038,975 12.90176,47.62028,985 12.90198,47.61972,985 12.90315,47.6188,968 12.90309,47.6182,960 12.9024,47.61763,944 12.90344,47.61676,929 12.90496,47.61675,924 12.9032,47.61639,912 12.90285,47.61649,907 12.90252,47.61555,876 12.90193,47.61498,861 12.90088,47.61503,854 12.90008,47.61529,852 12.89969,47.61546,852 12.89953,47.61594,849 12.89937,47.61593,848 12.8989,47.61485,828 12.89934,47.61379,810 12.90005,47.61327,806 12.90175,47.61298,807 12.9017,47.6132,806 12.90139,47.61326,805 12.90108,47.61292,804 12.90119,47.61251,803 12.90181,47.61274,802 12.903,47.61271,810 12.90479,47.61198,812 12.90517,47.61182,812 12.90554,47.61186,812 12.90638,47.6114,814 12.90838,47.61089,817 12.90853,47.61085,817 12.90906,47.61078,818 12.91121,47.61091,824 12.91168,47.61102,828 12.91348,47.61024,837 12.91534,47.60937,840 12.91587,47.60912,842 12.91791,47.60935,865 12.91918,47.60858,880 12.92129,47.60815,898 12.92296,47.60774,899 12.92362,47.60902,909 12.92409,47.60991,923 12.92386,47.61002,925 12.92317,47.60979,933 12.92468,47.61072,930 12.92499,47.61088,930 12.9257,47.61223,934 12.92619,47.61281,935 12.92758,47.61383,933 12.928,47.61399,933 12.9281,47.61445,927 12.92897,47.61485,916 12.92917,47.6148,913 12.92907,47.61445,899 12.92996,47.61448,875 12.92989,47.61408,860 12.93051,47.61414,850 12.93134,47.61335,825 12.93188,47.6133,818 12.9328,47.61238,790 12.93279,47.61193,783 12.93208,47.61113,766 12.93223,47.61001,747 12.93263,47.60966,742 12.9333,47.61057,727 12.9336,47.61013,718 12.93388,47.61006,716 12.93437,47.61016,709 12.93542,47.61074,699 12.93761,47.61073,678 12.93808,47.61067,671 12.9381,47.6109,669 12.93877,47.6112,664 12.93934,47.61214,675 12.93908,47.61241,680 12.93944,47.61277,688 12.93925,47.61362,703 12.93953,47.6143,717 12.94039,47.6147,723 12.94044,47.61485,723 12.94018,47.61483,723 12.94205,47.61502,714 12.94295,47.61569,710 12.94463,47.61649,711 12.94509,47.61667,712 12.94524,47.61779,715 12.94599,47.61782,708 12.94648,47.61864,689 12.94689,47.61846,686 12.94888,47.6182,695 12.94981,47.61798,699 12.95111,47.61822,695 12.95162,47.61863,692 12.95263,47.61892,685 12.9542,47.61919,681 12.95633,47.61931,699 12.9565,47.61932,699 12.95779,47.61864,697 12.95931,47.61809,678 12.96087,47.61825,652 12.96188,47.61848,645 12.96274,47.61891,647 12.96319,47.61976,648 12.9637,47.62025,644 12.9654,47.62119,627 12.96589,47.62137,626 12.96496,47.62267,629 12.96481,47.62291,629 12.96582,47.62299,627 12.96787,47.62263,619 12.96876,47.62249,618 12.96991,47.62254,618 12.97157,47.62331,615 12.97306,47.62398,610 12.9752,47.62434,611 12.97561,47.62439,611 12.97767,47.62425,610 12.97804,47.62427,609 12.97931,47.62452,606 12.98123,47.62518,598 12.98124,47.62518,598 12.98258,47.62515,595 12.98316,47.62544,592 12.98337,47.62586,588 12.98415,47.62657,579 12.9847,47.62679,576 12.98642,47.62671,562 12.98705,47.62639,556 12.98726,47.62608,554 12.98789,47.62587,553 12.98925,47.62483,555 12.9911,47.62427,553 12.99183,47.62406,553 12.99297,47.62388,551 12.99389,47.62397,550 12.99456,47.6242,549 12.99577,47.62529,551 12.99678,47.6257,549 12.99675,47.62582,548 12.99843,47.62583,540 12.99932,47.62609,539</coordinates></LineString></Placemark>
<Placemark><name>Röthelmoos–Weitsee tóvidék (61.0 km, 1029 m)</name><description><![CDATA[<b>Röthelmoos–Weitsee tóvidék</b> – GENERÁLT NYOMVONAL<br/>Inzellből Ruhpoldingon át az Urschlauer Achen völgyén fel a Röthelmoos lápos almvidékére, onnan erdészeti utakon le a Chiemgau „kanadai” tóláncához: Weitsee, Mittersee, Lödensee, Förchensee. A Laubau és a Taubensee érintésével gurulsz vissza Inzellbe. Az egyik legszebb gravel-terep a régióban.<br/><br/>Táv: 61.0 km · Szint: 1029 m · Max: 978 m · Idő: ~5.1 ó<br/>Nehézség: közepes · Értékelés: ★★★★★<br/>Burkolat: aszfalt 27.5%, kemény murva 65.2%, laza/erdei 0.0%, ösvény 7.3%<br/>Indulás: Autóval ~20 perc: Inzell, P4 (Zentrum) | Vonattal: Ruhpolding (~95 perc Bad Reichenhall Hbf-ről)<br/>Október: A Röthelmoos almjai október elején zárnak (jellemzően a hónap első felében) – vízről, ételről gondoskodj. A Röthelmoos erdészeti útja 900 m fölé visz: deres reggeleken csúszós. A B305 Seehaus–Ruhpolding szakaszán, ahol lehet, a párhuzamos kerékpárúton haladj.]]></description><styleUrl>#kozepes</styleUrl><LineString><tessellate>1</tessellate><coordinates>12.75171,47.76231,695 12.75026,47.76251,692 12.75014,47.76181,691 12.74821,47.7614,688 12.74818,47.76138,688 12.74877,47.7605,687 12.74827,47.76005,686 12.74748,47.7587,687 12.74707,47.75785,688 12.74662,47.75781,688 12.74674,47.75722,688 12.74473,47.75677,692 12.74432,47.75675,694 12.74396,47.75613,697 12.74396,47.75632,698 12.74361,47.75624,700 12.74248,47.75503,697 12.742,47.75458,697 12.74214,47.75435,696 12.74084,47.75324,696 12.73973,47.75205,704 12.73951,47.75183,707 12.73826,47.75204,711 12.73642,47.75259,711 12.73622,47.75265,712 12.7348,47.75227,727 12.7342,47.7524,733 12.73316,47.75314,733 12.73295,47.75355,733 12.733,47.75379,732 12.73437,47.75482,720 12.73441,47.75487,720 12.73391,47.75505,719 12.73264,47.75468,720 12.73188,47.75428,724 12.73118,47.75419,727 12.72968,47.75345,734 12.72912,47.75332,736 12.72827,47.75235,742 12.72846,47.75168,743 12.72888,47.75134,746 12.72841,47.75057,750 12.7279,47.75091,755 12.72645,47.75078,769 12.72564,47.75019,775 12.72534,47.7495,785 12.72469,47.74922,795 12.72313,47.74896,818 12.7223,47.74919,826 12.72168,47.74921,829 12.72113,47.74898,833 12.72213,47.74862,840 12.72243,47.74809,846 12.72301,47.74767,852 12.7229,47.74757,854 12.72223,47.74758,859 12.72181,47.74735,864 12.72031,47.74706,877 12.71828,47.74736,885 12.71804,47.7474,886 12.71617,47.74727,895 12.71425,47.74682,905 12.71393,47.74673,907 12.71182,47.74663,918 12.71161,47.74662,918 12.70971,47.74599,914 12.70902,47.74571,911 12.70836,47.74593,908 12.7074,47.74675,898 12.70688,47.7468,898 12.70642,47.74591,905 12.70532,47.74521,911 12.70517,47.74457,916 12.70472,47.74438,918 12.70432,47.74447,919 12.70383,47.74493,922 12.70246,47.74487,935 12.70217,47.74496,938 12.70187,47.7464,945 12.70186,47.74644,946 12.70169,47.74656,946 12.70065,47.74535,970 12.70031,47.74502,974 12.69857,47.7443,977 12.69853,47.7443,977 12.6965,47.74481,963 12.69465,47.74518,956 12.69268,47.74495,945 12.69231,47.74493,943 12.69047,47.74547,924 12.69032,47.74549,923 12.68834,47.74524,921 12.68772,47.74535,921 12.68712,47.74567,920 12.6866,47.74649,916 12.68592,47.74705,911 12.68484,47.74745,904 12.68353,47.74729,894 12.68193,47.74673,875 12.68043,47.74641,857 12.67978,47.74554,846 12.67959,47.74498,838 12.67805,47.74465,823 12.67706,47.7437,815 12.67664,47.7435,811 12.67611,47.74341,804 12.67462,47.74362,788 12.6746,47.74318,787 12.67498,47.74287,788 12.67475,47.74259,789 12.67469,47.74194,784 12.67337,47.74154,759 12.67177,47.74065,727 12.67041,47.74004,707 12.66995,47.74007,703 12.66822,47.74078,692 12.66814,47.74077,692 12.66772,47.7402,692 12.66799,47.73935,695 12.66776,47.739,696 12.66812,47.73831,696 12.66794,47.73783,695 12.66723,47.73699,693 12.6661,47.73625,696 12.66561,47.73621,696 12.66433,47.73644,695 12.66352,47.73639,696 12.6625,47.7368,702 12.66216,47.73707,703 12.66217,47.73738,702 12.66105,47.73743,695 12.66031,47.73777,683 12.65956,47.73908,677 12.65948,47.73923,677 12.65949,47.74062,676 12.65941,47.74206,676 12.6594,47.74211,676 12.65911,47.74359,670 12.65902,47.74397,671 12.65835,47.74391,672 12.6582,47.74536,675 12.65818,47.7454,675 12.65679,47.74579,674 12.65625,47.74635,673 12.65618,47.7477,665 12.65621,47.74876,664 12.65738,47.74882,664 12.65756,47.75,662 12.65723,47.75032,662 12.65631,47.75038,662 12.65643,47.75147,663 12.65572,47.75274,663 12.65507,47.75401,667 12.65486,47.75455,669 12.65359,47.75567,669 12.65219,47.75679,662 12.65212,47.75686,661 12.65162,47.75826,656 12.65145,47.7586,656 12.65033,47.75975,655 12.65027,47.75989,655 12.6501,47.75984,655 12.64958,47.76076,654 12.64902,47.76105,654 12.64915,47.76141,654 12.64864,47.7622,654 12.64717,47.7622,658 12.6463,47.76244,659 12.64614,47.7618,661 12.64505,47.76074,667 12.64464,47.75976,673 12.64386,47.75874,676 12.64354,47.75732,677 12.64311,47.75586,675 12.64297,47.75543,674 12.64199,47.75425,676 12.64116,47.75299,674 12.64104,47.75282,673 12.64035,47.75217,671 12.64036,47.75178,670 12.63899,47.75069,670 12.6385,47.75038,671 12.63863,47.75023,673 12.6384,47.74942,679 12.63801,47.74916,683 12.63702,47.74902,689 12.63603,47.74854,694 12.63454,47.74856,701 12.63396,47.74887,702 12.63263,47.74884,705 12.63121,47.74787,710 12.63003,47.74727,708 12.62879,47.7462,711 12.62873,47.74614,711 12.62841,47.74562,711 12.62756,47.74538,711 12.62752,47.74461,714 12.62568,47.7439,718 12.62475,47.74365,719 12.623,47.74284,724 12.62262,47.74264,726 12.62126,47.74254,731 12.62004,47.74194,732 12.61868,47.74164,729 12.61696,47.7408,739 12.61598,47.74036,752 12.61492,47.74021,756 12.61437,47.73987,755 12.61249,47.73924,739 12.61175,47.73894,735 12.61118,47.73856,735 12.60922,47.73828,736 12.60723,47.73794,729 12.60564,47.73773,729 12.60547,47.73712,732 12.60382,47.73635,738 12.6036,47.7362,739 12.60345,47.73498,752 12.60209,47.73389,780 12.60164,47.73358,784 12.60095,47.73351,787 12.60048,47.73329,789 12.60095,47.73351,787 12.60192,47.73367,782 12.60238,47.73427,770 12.60345,47.73498,752 12.6036,47.7362,739 12.60524,47.73702,734 12.60547,47.73712,733 12.6056,47.7377,728 12.60614,47.7378,725 12.60467,47.73884,718 12.60447,47.73899,718 12.60477,47.73904,718 12.60459,47.73919,718 12.60309,47.73892,720 12.60272,47.73851,721 12.60217,47.73835,721 12.60252,47.73708,731 12.60232,47.73673,733 12.60121,47.73615,739 12.60063,47.73509,738 12.59886,47.73445,735 12.5977,47.73328,734 12.59765,47.73325,733 12.59691,47.73311,734 12.59473,47.73316,743 12.59435,47.73316,746 12.59279,47.73273,758 12.59173,47.73202,760 12.5904,47.73186,761 12.58862,47.73108,759 12.58789,47.7309,758 12.58664,47.72975,756 12.58582,47.72913,756 12.58401,47.72827,760 12.58326,47.72799,760 12.58273,47.72792,762 12.58146,47.72828,765 12.58026,47.72808,765 12.57937,47.72756,766 12.57829,47.72724,769 12.57699,47.72608,771 12.57652,47.72568,771 12.57542,47.72502,773 12.57365,47.72435,776 12.57355,47.7243,776 12.57304,47.72313,779 12.57206,47.72218,784 12.57027,47.72187,795 12.56848,47.72093,806 12.56814,47.72078,807 12.56674,47.72077,809 12.56467,47.72019,821 12.56459,47.72017,821 12.5627,47.71994,837 12.56116,47.71938,848 12.55925,47.71923,861 12.55749,47.71952,871 12.55532,47.7196,881 12.5534,47.71965,886 12.5522,47.71982,885 12.55196,47.71939,885 12.55196,47.71849,889 12.5526,47.71714,883 12.55313,47.71607,878 12.55336,47.71487,873 12.55425,47.7147,873 12.55522,47.71482,876 12.55722,47.71455,876 12.55791,47.71444,872 12.55899,47.71445,873 12.55968,47.71422,874 12.55998,47.71446,876 12.56057,47.71459,877 12.55998,47.71446,876 12.55968,47.71422,875 12.55899,47.71445,873 12.55791,47.71444,873 12.55592,47.71476,878 12.55522,47.71482,875 12.55425,47.7147,873 12.55336,47.71487,873 12.55365,47.71354,880 12.55364,47.71336,879 12.55339,47.71195,873 12.55326,47.71052,869 12.55311,47.70903,879 12.553,47.70758,881 12.5528,47.70638,883 12.55325,47.7049,885 12.55348,47.70445,886 12.55487,47.70361,888 12.55485,47.70281,891 12.55582,47.70147,888 12.55622,47.70096,881 12.55725,47.70001,872 12.55875,47.69979,864 12.55951,47.69953,859 12.56003,47.69901,853 12.56091,47.69888,850 12.56169,47.69802,847 12.56216,47.6978,847 12.56277,47.69642,847 12.5635,47.69555,839 12.56355,47.69495,832 12.56264,47.69405,830 12.56258,47.6933,833 12.56309,47.69199,824 12.56331,47.69125,812 12.56316,47.69054,805 12.56274,47.69001,804 12.56323,47.68939,804 12.56351,47.68806,795 12.5633,47.6877,791 12.56283,47.68743,787 12.56284,47.687,783 12.56173,47.6865,772 12.56114,47.686,766 12.56273,47.68606,766 12.56484,47.68628,772 12.56627,47.6865,771 12.56823,47.68709,771 12.56999,47.68758,776 12.5721,47.68796,766 12.57241,47.68762,764 12.57222,47.68613,761 12.57213,47.68558,762 12.57283,47.68444,769 12.57402,47.68363,778 12.57546,47.68323,783 12.57372,47.68255,787 12.57184,47.6819,787 12.5709,47.68153,787 12.56871,47.68126,778 12.56696,47.68172,770 12.56638,47.68157,769 12.56596,47.68078,771 12.56426,47.68006,775 12.56425,47.68006,775 12.56345,47.68039,773 12.56295,47.68042,773 12.56209,47.67983,775 12.56133,47.67985,778 12.56061,47.6796,780 12.55908,47.67955,781 12.55874,47.67993,778 12.55887,47.68026,777 12.55825,47.68052,775 12.55752,47.68194,779 12.55743,47.68209,777 12.55754,47.68265,775 12.55687,47.68274,775 12.55614,47.68311,777 12.55687,47.68274,775 12.55754,47.68265,775 12.55743,47.68209,776 12.5582,47.68073,775 12.55825,47.68052,775 12.55887,47.68026,777 12.55874,47.67993,779 12.55908,47.67955,781 12.56061,47.6796,780 12.56133,47.67985,778 12.56209,47.67983,775 12.56295,47.68042,773 12.56345,47.68039,773 12.56425,47.68006,775 12.56596,47.68078,773 12.56609,47.68119,773 12.56684,47.68097,777 12.56697,47.68044,783 12.56888,47.68096,788 12.57072,47.68142,789 12.57256,47.68213,787 12.57433,47.68277,786 12.57524,47.68312,786 12.57686,47.68393,785 12.57865,47.68471,779 12.57988,47.68521,775 12.58183,47.68586,771 12.58369,47.68647,766 12.58428,47.68665,762 12.58409,47.68711,760 12.58485,47.68728,758 12.58484,47.68759,757 12.58408,47.68829,755 12.58363,47.68904,754 12.58408,47.68829,755 12.58484,47.68759,757 12.58676,47.68803,762 12.58799,47.68815,761 12.58928,47.68924,758 12.58945,47.68941,758 12.58992,47.69076,760 12.59004,47.69091,760 12.59149,47.69202,762 12.59177,47.69223,763 12.592,47.69257,763 12.59269,47.69283,763 12.59482,47.69306,761 12.59575,47.69318,761 12.59755,47.69267,763 12.5986,47.692,766 12.59935,47.69211,766 12.6005,47.69276,764 12.60116,47.69227,768 12.60215,47.69219,774 12.60273,47.69263,776 12.60308,47.69333,777 12.6034,47.69352,777 12.60285,47.69416,779 12.60405,47.69535,789 12.60442,47.69567,789 12.60421,47.69612,788 12.60446,47.69641,787 12.6044,47.6971,785 12.60508,47.69771,783 12.60613,47.69831,782 12.60451,47.69811,779 12.60265,47.69752,781 12.60239,47.6974,782 12.60146,47.6976,783 12.60002,47.69705,784 12.59958,47.69657,781 12.5987,47.69603,778 12.59728,47.69577,775 12.59517,47.69574,770 12.59351,47.69518,769 12.59213,47.69446,778 12.59021,47.69405,780 12.58999,47.69394,781 12.58972,47.69378,781 12.59062,47.69419,781 12.59213,47.69446,778 12.59351,47.69518,769 12.59517,47.69574,771 12.59728,47.69577,775 12.5987,47.69603,779 12.59958,47.69657,781 12.5999,47.69698,783 12.60053,47.69727,785 12.60241,47.69795,786 12.60288,47.6981,785 12.60455,47.69851,782 12.60658,47.69896,784 12.60747,47.69915,782 12.60774,47.69914,782 12.6079,47.69893,781 12.60942,47.6993,779 12.6115,47.6993,782 12.61279,47.69929,780 12.61456,47.69971,774 12.6156,47.70035,772 12.61605,47.70085,768 12.61574,47.70182,758 12.6169,47.70301,749 12.61742,47.70369,753 12.61791,47.70502,752 12.61823,47.70636,740 12.61866,47.70764,756 12.61992,47.70872,757 12.62124,47.70982,748 12.62205,47.71052,746 12.6228,47.71088,745 12.62274,47.71126,745 12.62428,47.71186,746 12.62511,47.7119,746 12.62603,47.71233,745 12.62723,47.71341,744 12.62779,47.71396,744 12.62877,47.71422,740 12.63087,47.71417,730 12.63154,47.71417,727 12.63225,47.71427,725 12.63398,47.71502,727 12.63404,47.71505,727 12.63364,47.71528,727 12.63505,47.71622,727 12.63656,47.7162,724 12.63737,47.71645,719 12.63843,47.71644,715 12.63921,47.717,714 12.64055,47.71756,714 12.64255,47.71807,714 12.64346,47.71823,714 12.64539,47.71886,712 12.64563,47.71893,712 12.64753,47.71934,708 12.64882,47.71963,707 12.65076,47.72022,705 12.65259,47.72078,706 12.654,47.72126,702 12.6546,47.72206,701 12.65617,47.72315,701 12.65643,47.72341,701 12.65741,47.72479,698 12.65761,47.72507,697 12.65802,47.72536,695 12.65808,47.72546,695 12.65769,47.72565,694 12.65778,47.72597,694 12.65802,47.72602,694 12.65778,47.72597,694 12.65769,47.72565,694 12.65808,47.72546,695 12.65835,47.72557,695 12.65832,47.72607,696 12.65863,47.72673,697 12.66015,47.72775,704 12.66026,47.72785,705 12.66095,47.72918,704 12.66157,47.73019,697 12.66283,47.73127,692 12.66327,47.73158,692 12.66373,47.73139,692 12.66381,47.73152,691 12.6634,47.73266,691 12.66214,47.73382,686 12.66107,47.73487,681 12.66084,47.73546,680 12.66088,47.73623,680 12.65995,47.73745,684 12.65917,47.7388,677 12.65886,47.73933,675 12.65906,47.73962,675 12.659,47.74097,675 12.65879,47.74239,674 12.65856,47.74382,670 12.65854,47.74393,670 12.66077,47.74419,669 12.66215,47.74432,668 12.66279,47.74457,668 12.66304,47.74581,667 12.66374,47.74707,664 12.66396,47.74749,664 12.66405,47.74839,663 12.66479,47.74858,663 12.66527,47.74848,663 12.66579,47.74941,664 12.66579,47.75038,664 12.66793,47.75064,668 12.6697,47.75145,672 12.67032,47.7517,673 12.67068,47.752,674 12.67091,47.75192,674 12.67127,47.7524,675 12.67295,47.75298,679 12.67265,47.75333,682 12.67388,47.7537,688 12.67542,47.75464,694 12.67617,47.75496,695 12.67655,47.75543,696 12.67857,47.7558,710 12.67983,47.75579,718 12.68084,47.75653,723 12.68291,47.75694,729 12.68503,47.75677,739 12.68567,47.75672,742 12.68637,47.75645,745 12.68702,47.75654,749 12.68732,47.75685,752 12.68719,47.75723,753 12.68606,47.75838,751 12.68587,47.75872,751 12.68588,47.75966,760 12.68647,47.76026,765 12.68635,47.76117,769 12.6868,47.76157,768 12.68815,47.76212,770 12.68901,47.76284,777 12.68956,47.76291,780 12.69059,47.76248,785 12.69119,47.76245,786 12.69193,47.76308,790 12.69313,47.76336,797 12.69391,47.76405,806 12.69417,47.76381,809 12.69523,47.76375,810 12.69631,47.76346,810 12.69775,47.76283,810 12.69991,47.76272,810 12.70116,47.76276,814 12.70319,47.76247,818 12.70352,47.7624,818 12.70532,47.76178,804 12.70664,47.7613,794 12.70871,47.76104,779 12.70903,47.76097,776 12.70988,47.76064,766 12.71058,47.75998,760 12.71109,47.76011,758 12.7129,47.76004,747 12.71419,47.76028,745 12.71605,47.76102,745 12.71698,47.76129,747 12.71797,47.76228,746 12.71975,47.76304,736 12.72059,47.76331,735 12.72164,47.76315,735 12.72293,47.76269,733 12.72424,47.76257,730 12.72358,47.76366,733 12.72348,47.7644,730 12.72451,47.76479,721 12.72663,47.76473,709 12.72835,47.7648,698 12.73026,47.76459,689 12.73197,47.76374,688 12.73372,47.76278,688 12.73547,47.76198,691 12.73623,47.76153,691 12.73674,47.76154,692 12.73715,47.76119,692 12.73763,47.76126,691 12.73837,47.76092,690 12.74035,47.76117,687 12.74238,47.76148,688 12.74417,47.76172,686 12.74518,47.76213,686 12.74599,47.76165,687 12.74609,47.76126,688 12.74721,47.76113,688 12.74791,47.76054,687 12.74877,47.7605,687 12.74949,47.75978,688 12.75027,47.75993,689 12.75087,47.76044,692 12.7515,47.75998,694 12.7521,47.76075,698 12.75216,47.76118,698 12.75209,47.76223,697 12.75171,47.76231,696</coordinates></LineString></Placemark>
<Placemark><name>Rossfeld-panorámaút – vonattal oda, bringával haza (54.7 km, 1395 m)</name><description><![CDATA[<b>Rossfeld-panorámaút – vonattal oda, bringával haza</b> – GENERÁLT NYOMVONAL<br/>Vonattal Berchtesgadenbe, onnan Oberaun át fel a Rossfeld-panorámaútra (≈1550 m, Németország egyik legmagasabb útja) – a Tennengebirge és a Dachstein felett. A Zinken alatt Bad Dürrnbergbe és Halleinbe ereszkedsz, majd a Salzach és az Untersberg lábán, Grödigen és Großgmainon át tekersz haza a szállodáig.<br/><br/>Táv: 54.7 km · Szint: 1395 m · Max: 1455 m · Idő: ~4.9 ó<br/>Nehézség: nehéz · Értékelés: ★★★★★<br/>Burkolat: aszfalt 68.9%, kemény murva 29.5%, laza/erdei 0.0%, ösvény 1.6%<br/>Indulás: Vonattal: Berchtesgaden Hbf (~30 perc Bad Reichenhall Hbf-ről)<br/>Október: A Rossfeld 1500 m felett: október elején hó és jegesedés valószínű – webkamera, és ha havas, fordulj Oberauból Marktschellenberg felé. A panorámaút autós fizetős út, hétvégén motoros forgalom. Bajor regionális vonaton (BLB, S-Bahn, RB) kerékpár-napijegy kell (DB Fahrradtageskarte Bayern); a hely korlátozott, hétvégén zsúfolt lehet.]]></description><styleUrl>#nehez</styleUrl><LineString><tessellate>1</tessellate><coordinates>12.99932,47.62609,539 12.99944,47.62591,539 12.99993,47.62614,540 13.00024,47.62609,540 13.00061,47.6258,542 13.00123,47.62572,544 13.00197,47.62702,546 13.00228,47.62759,544 13.00405,47.62832,548 13.00415,47.62838,548 13.00563,47.62952,539 13.00708,47.63057,535 13.00744,47.63085,534 13.00838,47.63188,537 13.00879,47.63306,541 13.00975,47.63402,535 13.00974,47.63479,533 13.0108,47.63515,531 13.01069,47.6353,531 13.01267,47.63569,531 13.01479,47.63614,539 13.01534,47.63629,542 13.01691,47.63728,539 13.01759,47.63769,537 13.01819,47.63848,535 13.01795,47.63975,529 13.01757,47.64037,526 13.01771,47.64146,526 13.01857,47.64158,525 13.0207,47.64149,522 13.02086,47.6415,522 13.02209,47.64173,523 13.0233,47.64225,526 13.0237,47.64308,527 13.02494,47.64385,522 13.02688,47.64431,518 13.02891,47.64459,518 13.03086,47.64497,518 13.03182,47.6452,521 13.03358,47.64597,530 13.03361,47.64599,529 13.03435,47.64689,519 13.03466,47.64824,516 13.03481,47.6495,520 13.0357,47.65011,520 13.03685,47.65141,519 13.03782,47.65234,515 13.03924,47.65333,514 13.03791,47.6523,514 13.03789,47.65228,514 13.03905,47.65108,530 13.03925,47.65082,534 13.04084,47.64993,545 13.0412,47.64978,547 13.04192,47.64905,556 13.04346,47.64806,595 13.04366,47.64801,599 13.04385,47.64769,614 13.04489,47.6474,630 13.04486,47.647,636 13.04555,47.64677,639 13.04567,47.64698,641 13.04601,47.64657,644 13.04659,47.64644,644 13.04683,47.64604,644 13.04659,47.64644,645 13.04601,47.64657,646 13.04573,47.64683,648 13.04567,47.64768,653 13.04692,47.64851,655 13.04733,47.64904,661 13.04844,47.64956,666 13.04935,47.6503,665 13.05039,47.65058,671 13.05042,47.65037,675 13.05123,47.65024,683 13.05185,47.64985,693 13.0538,47.64947,703 13.0539,47.64943,703 13.05437,47.64854,704 13.05479,47.64836,704 13.05642,47.64889,708 13.05845,47.64931,716 13.0592,47.64948,718 13.06062,47.65007,723 13.06111,47.65071,728 13.06222,47.65132,734 13.06418,47.65168,745 13.06536,47.65182,751 13.06624,47.65207,756 13.06648,47.65233,757 13.06832,47.6521,767 13.07002,47.65269,784 13.07165,47.65359,804 13.07165,47.65359,804 13.07303,47.65325,817 13.07515,47.65364,849 13.07593,47.65375,858 13.07755,47.65365,882 13.07797,47.65396,887 13.07849,47.65405,890 13.07868,47.65395,892 13.07846,47.65344,899 13.07872,47.65322,904 13.07957,47.65357,920 13.08021,47.6536,926 13.08022,47.65342,928 13.07981,47.65319,934 13.07988,47.65284,939 13.07951,47.65198,949 13.07926,47.65058,952 13.07898,47.64925,966 13.07787,47.64803,983 13.0771,47.64702,988 13.07703,47.64627,990 13.07583,47.64503,988 13.07577,47.64496,987 13.07517,47.64356,975 13.07503,47.64327,974 13.07597,47.64212,989 13.07458,47.64202,1002 13.07338,47.64166,1013 13.0725,47.64165,1018 13.07089,47.64105,1027 13.06926,47.64013,1049 13.0691,47.64005,1052 13.06787,47.63897,1075 13.06767,47.63879,1079 13.06745,47.63833,1086 13.06752,47.63793,1091 13.06807,47.63781,1095 13.06974,47.63699,1107 13.0713,47.6363,1110 13.07299,47.63583,1132 13.0744,47.63474,1160 13.07462,47.63461,1165 13.07646,47.63404,1187 13.07678,47.63368,1194 13.07763,47.63328,1207 13.07952,47.63262,1230 13.08097,47.63225,1236 13.08205,47.63249,1241 13.0824,47.63233,1245 13.08432,47.63212,1264 13.08502,47.63171,1282 13.08553,47.63169,1290 13.0865,47.63132,1306 13.08669,47.63109,1310 13.08689,47.63117,1312 13.08707,47.63162,1321 13.08766,47.63188,1331 13.08801,47.63187,1336 13.08864,47.63134,1346 13.08877,47.63096,1355 13.08941,47.63099,1361 13.08971,47.63083,1366 13.08997,47.63102,1371 13.0898,47.63147,1380 13.08998,47.63292,1401 13.09,47.63305,1402 13.0907,47.63286,1406 13.09262,47.63293,1418 13.09345,47.63263,1420 13.0947,47.63164,1429 13.09457,47.63145,1430 13.09428,47.63148,1431 13.09311,47.6323,1440 13.09223,47.63221,1441 13.09208,47.63173,1442 13.09313,47.63067,1455 13.09282,47.63126,1455 13.09289,47.63156,1454 13.09301,47.63138,1454 13.09283,47.63156,1455 13.09282,47.63126,1455 13.09313,47.63067,1455 13.09208,47.63173,1442 13.09229,47.63224,1441 13.09269,47.63234,1440 13.0933,47.63224,1439 13.09441,47.63144,1431 13.0947,47.63164,1428 13.09528,47.63156,1423 13.0958,47.63196,1415 13.096,47.63241,1408 13.09597,47.63389,1379 13.09591,47.63447,1368 13.09607,47.63519,1362 13.09495,47.63636,1345 13.0945,47.63682,1336 13.09278,47.63782,1300 13.09196,47.63839,1282 13.09213,47.63887,1275 13.09247,47.63907,1271 13.0944,47.63966,1252 13.09523,47.63989,1242 13.09577,47.64018,1233 13.09598,47.64075,1225 13.09552,47.64188,1209 13.09511,47.64224,1205 13.09459,47.64242,1203 13.09306,47.64254,1195 13.09215,47.64222,1185 13.09172,47.64141,1176 13.09136,47.64117,1170 13.0906,47.64104,1164 13.08973,47.64119,1163 13.09096,47.64134,1167 13.08935,47.64196,1170 13.08902,47.64335,1173 13.08893,47.64357,1173 13.08782,47.64415,1178 13.08842,47.64448,1185 13.08836,47.64469,1188 13.08628,47.64498,1214 13.08621,47.64502,1216 13.08758,47.64566,1232 13.08595,47.64563,1250 13.08708,47.64629,1265 13.0883,47.64748,1286 13.08925,47.64853,1300 13.08892,47.64945,1311 13.08836,47.64933,1314 13.08876,47.64919,1315 13.08831,47.64929,1315 13.08864,47.64949,1312 13.08892,47.64945,1311 13.0893,47.64872,1302 13.0883,47.64754,1285 13.08835,47.64746,1283 13.08937,47.64772,1268 13.09004,47.64842,1254 13.09049,47.64978,1229 13.09063,47.64999,1222 13.09084,47.65142,1171 13.09096,47.65194,1156 13.08993,47.65234,1142 13.09018,47.65308,1127 13.08991,47.65349,1117 13.09052,47.65362,1110 13.09225,47.65329,1082 13.09239,47.65344,1079 13.09208,47.65369,1074 13.09085,47.65436,1061 13.09292,47.65447,1026 13.09305,47.65445,1025 13.09298,47.65468,1020 13.0919,47.65527,999 13.08992,47.65558,971 13.08911,47.65571,956 13.08916,47.65648,934 13.08815,47.65769,906 13.08786,47.65805,900 13.08991,47.65841,877 13.09039,47.65862,869 13.09001,47.65922,859 13.09028,47.66035,837 13.09103,47.66043,832 13.09212,47.66023,827 13.09163,47.66041,825 13.09166,47.66058,824 13.09092,47.66102,819 13.0909,47.66146,815 13.09054,47.66199,811 13.09052,47.66347,800 13.09047,47.66374,798 13.0899,47.665,785 13.08919,47.66542,771 13.08939,47.66553,768 13.08943,47.66606,755 13.08972,47.66607,749 13.08943,47.66606,746 13.08948,47.66713,725 13.08853,47.66812,707 13.08809,47.66942,689 13.08793,47.66977,685 13.088,47.67011,684 13.08716,47.67114,671 13.08577,47.67188,653 13.08658,47.67203,642 13.08726,47.67248,638 13.08563,47.67287,632 13.08449,47.67345,614 13.08464,47.67483,603 13.08432,47.6752,602 13.08431,47.67563,600 13.08495,47.67689,597 13.08501,47.67698,597 13.08581,47.67689,601 13.08632,47.67701,603 13.08763,47.67812,581 13.08806,47.67855,571 13.0883,47.67911,559 13.08822,47.67986,548 13.08856,47.6795,545 13.08839,47.68072,538 13.08877,47.6807,537 13.08894,47.68092,533 13.09008,47.68077,517 13.09054,47.68092,510 13.09084,47.6814,494 13.09071,47.6821,486 13.09143,47.68097,472 13.09166,47.68092,470 13.092,47.68123,467 13.09258,47.68112,463 13.09281,47.68144,461 13.09297,47.6814,459 13.09427,47.68211,453 13.09605,47.68274,448 13.0977,47.68318,444 13.09774,47.68396,445 13.09921,47.68482,444 13.09926,47.68484,444 13.09901,47.68496,444 13.09777,47.68406,445 13.09662,47.68381,445 13.0962,47.68433,445 13.09496,47.68514,441 13.09437,47.6848,439 13.0925,47.68546,444 13.09221,47.68559,444 13.09194,47.68556,444 13.09196,47.68528,444 13.09154,47.6848,443 13.09094,47.6849,444 13.08997,47.6847,445 13.08948,47.6848,446 13.08962,47.68494,447 13.08823,47.68605,450 13.08738,47.6867,452 13.08608,47.68788,450 13.08484,47.68909,449 13.08445,47.6895,448 13.08357,47.69074,442 13.08292,47.69173,441 13.08226,47.69312,439 13.08176,47.69446,443 13.08114,47.69561,445 13.08015,47.69683,440 13.07908,47.69809,439 13.07806,47.69929,440 13.07765,47.69978,442 13.07669,47.6995,443 13.07687,47.69919,443 13.07582,47.69891,443 13.07475,47.7002,441 13.0738,47.70132,443 13.072,47.70216,441 13.07118,47.70255,439 13.06949,47.70356,439 13.06837,47.70442,441 13.06785,47.70568,440 13.06789,47.7072,437 13.06789,47.70855,436 13.06778,47.70914,437 13.06719,47.71008,436 13.06587,47.71117,436 13.06485,47.71208,436 13.06386,47.71327,435 13.06279,47.71457,437 13.06237,47.71514,437 13.06155,47.71639,440 13.06131,47.71677,442 13.06122,47.71816,444 13.06128,47.71861,444 13.06095,47.71864,443 13.05956,47.7197,442 13.05809,47.72069,445 13.05792,47.72079,446 13.05705,47.72119,447 13.05613,47.72123,448 13.05554,47.72154,449 13.05478,47.72289,445 13.05464,47.72306,445 13.05265,47.72358,447 13.05065,47.7241,447 13.04866,47.72462,447 13.04779,47.72485,448 13.04579,47.72511,449 13.04582,47.72576,450 13.04601,47.72595,450 13.04465,47.72586,450 13.04461,47.72649,451 13.04374,47.72665,453 13.0445,47.72758,459 13.04456,47.72835,458 13.04397,47.72978,455 13.04375,47.73021,455 13.04269,47.73135,451 13.04174,47.73269,450 13.04127,47.73331,450 13.03987,47.73445,447 13.03929,47.73501,447 13.03794,47.73506,448 13.03765,47.73644,450 13.03764,47.73675,450 13.03717,47.73746,449 13.03699,47.73883,447 13.0371,47.73937,447 13.03656,47.73925,446 13.03624,47.73962,447 13.03516,47.73895,448 13.0343,47.73943,449 13.03305,47.73907,450 13.03216,47.73926,452 13.03135,47.74054,456 13.03051,47.74191,451 13.03017,47.74248,450 13.03012,47.74364,449 13.02823,47.7442,448 13.02648,47.74485,452 13.02459,47.74552,452 13.02266,47.7462,449 13.02137,47.74666,449 13.01961,47.74745,446 13.01906,47.74771,443 13.01782,47.74807,440 13.01698,47.74877,441 13.01641,47.74903,441 13.01507,47.74938,443 13.01305,47.74959,446 13.0128,47.74928,447 13.01268,47.74795,457 13.01213,47.74745,456 13.01167,47.74734,454 13.00955,47.74724,449 13.00742,47.74715,447 13.00559,47.74714,445 13.00352,47.74749,446 13.00283,47.74764,450 13.00246,47.74734,453 13.00225,47.74745,454 13.00073,47.74695,459 12.99921,47.74596,460 12.99765,47.74511,458 12.99633,47.74408,459 12.99514,47.74356,462 12.99407,47.74367,465 12.99391,47.74316,466 12.99328,47.74267,467 12.99263,47.74247,465 12.99259,47.74206,463 12.99225,47.742,462 12.99166,47.74303,459 12.99211,47.74446,453 12.99267,47.74581,450 12.99283,47.7462,450 12.99296,47.74689,450 12.99265,47.74712,449 12.99274,47.74789,446 12.99313,47.74844,445 12.99409,47.74865,444 12.99459,47.74995,444 12.99463,47.75024,443 12.99329,47.75116,443 12.99186,47.75163,455 12.99107,47.75222,472 12.98993,47.75336,473 12.98866,47.75459,465 12.98762,47.75588,461 12.98633,47.75705,451 12.98629,47.7571,451 12.9855,47.75852,446 12.98515,47.75908,445 12.98444,47.75943,444 12.98275,47.7598,442 12.9822,47.76011,440 12.98019,47.76065,438 12.97838,47.76126,439 12.9783,47.76129,439 12.97777,47.76154,439 12.97742,47.76202,439 12.97581,47.76294,439 12.97444,47.76393,439 12.974,47.76411,439 12.97201,47.76466,437 12.97026,47.76506,438 12.96888,47.76488,438 12.96771,47.76452,436 12.96676,47.76582,436 12.96632,47.76636,436 12.96581,47.7665,437 12.96487,47.76731,438 12.96415,47.76747,439 12.96295,47.7673,441 12.961,47.7678,442 12.96028,47.76801,440 12.95884,47.76853,437 12.95778,47.76828,436 12.9563,47.76742,443 12.95451,47.768,456 12.95326,47.76682,471 12.95196,47.76569,485 12.95163,47.7654,486 12.95024,47.76426,482 12.94872,47.76319,484 12.94791,47.76252,480 12.94694,47.76135,477 12.94579,47.76006,479 12.94535,47.75913,481 12.94518,47.75773,485 12.94488,47.75626,482 12.94459,47.75478,485 12.94442,47.75387,487 12.9443,47.75251,484 12.94437,47.75147,484 12.94397,47.75058,486 12.94275,47.74951,487 12.94256,47.74941,486 12.94181,47.74912,487 12.93974,47.74871,491 12.93872,47.74841,493 12.93704,47.74756,494 12.93604,47.74696,491 12.93406,47.74628,492 12.93345,47.746,493 12.93205,47.74511,500 12.93115,47.74423,506 12.9308,47.74362,510 12.93059,47.74228,518 12.93054,47.74178,523 12.93005,47.74087,531 12.92901,47.74016,535 12.92702,47.73955,537 12.92669,47.7394,537 12.92532,47.73846,538 12.92425,47.73796,538 12.924,47.73661,545 12.92384,47.73606,546 12.9232,47.73589,548 12.92302,47.73569,549 12.92236,47.73428,562 12.92182,47.73299,570 12.92179,47.73276,570 12.92076,47.73199,564 12.9195,47.73162,553 12.91917,47.73023,546 12.91912,47.73001,546 12.91814,47.73013,546 12.91786,47.72982,547 12.91712,47.72991,548 12.91661,47.72944,546 12.91608,47.72812,536 12.91608,47.72812,536 12.91566,47.72803,535 12.9145,47.72697,533 12.91429,47.72683,533 12.91313,47.72634,533 12.91253,47.72693,531 12.9105,47.72659,527 12.90919,47.72625,527 12.90844,47.72626,526 12.90785,47.726,525 12.90787,47.72571,524 12.90718,47.72546,524 12.90738,47.72517,524 12.90697,47.72508,524 12.90724,47.72474,525 12.90577,47.72434,522 12.90456,47.72443,518 12.90463,47.72467,517 12.90402,47.72612,513 12.90378,47.72677,511 12.9026,47.72614,511 12.90149,47.72586,511 12.89995,47.72482,517 12.89955,47.72442,520 12.89838,47.72397,523 12.89642,47.72362,521 12.89439,47.72339,518 12.89316,47.72324,517 12.89104,47.7233,522 12.88979,47.72329,526 12.88832,47.72314,530 12.88725,47.72346,528 12.88686,47.72389,525 12.8864,47.72517,510 12.8856,47.72597,496 12.88522,47.72601,493 12.8841,47.72577,486 12.88385,47.72585,484 12.88387,47.72612,482 12.88439,47.72655,479 12.88384,47.7269,478</coordinates></LineString></Placemark>
<Placemark><name>Loferer Alm és a Vorderkaserklamm (36.4 km, 967 m)</name><description><![CDATA[<b>Loferer Alm és a Vorderkaserklamm</b> – GENERÁLT NYOMVONAL<br/>Loferből a Loferer Alm hegyi útján kapaszkodsz fel a Loferer Steinberge alatti almvidékre (≈1300 m), majd vissza a völgybe, és St. Martinon át a Vorderkaserklamm szurdokához tekersz egy kiadós völgyi kitérőre. Rövid, de szintes.<br/><br/>Táv: 36.4 km · Szint: 967 m · Max: 1355 m · Idő: ~3.4 ó<br/>Nehézség: nehéz · Értékelés: ★★★★☆<br/>Burkolat: aszfalt 62.4%, kemény murva 31.6%, laza/erdei 0.0%, ösvény 6.0%<br/>Indulás: Autóval ~30 perc: Lofer, Parkplatz Zentrum | Vonattal: Bad Reichenhall Hbf (gyalog/bringával 0,5 km a szállodától)<br/>Október: A Loferer Alm felső része 1200 m felett: hó lehetséges. A Vorderkaserklamm és a büfé általában október közepéig nyitva.]]></description><styleUrl>#nehez</styleUrl><LineString><tessellate>1</tessellate><coordinates>12.6953,47.58671,627 12.69462,47.58692,627 12.6935,47.58676,627 12.69348,47.58701,627 12.69286,47.58731,627 12.69175,47.5885,636 12.69184,47.58882,643 12.69353,47.5895,663 12.6935,47.59,668 12.69382,47.59052,677 12.69356,47.59138,686 12.69298,47.59208,696 12.6928,47.59353,718 12.69264,47.59394,722 12.69189,47.59402,730 12.69134,47.59382,734 12.69138,47.59464,743 12.691,47.59583,756 12.69059,47.59611,755 12.69055,47.59692,755 12.69022,47.59762,763 12.68933,47.59785,776 12.68996,47.59871,796 12.68799,47.5986,818 12.68755,47.59859,821 12.68656,47.59976,841 12.68649,47.59988,842 12.68665,47.60025,847 12.68837,47.60088,867 12.68898,47.60092,875 12.6889,47.60185,887 12.68782,47.60227,897 12.68747,47.60282,911 12.68688,47.60328,922 12.68677,47.60373,930 12.68641,47.60408,937 12.68645,47.60455,944 12.68575,47.60468,950 12.68544,47.60491,954 12.68562,47.60428,964 12.68458,47.60369,980 12.68295,47.60418,1001 12.68192,47.6041,1015 12.68051,47.60427,1030 12.6803,47.60463,1036 12.67935,47.60525,1053 12.67802,47.60464,1073 12.67687,47.60439,1080 12.67662,47.60456,1081 12.6768,47.60514,1084 12.67545,47.60513,1094 12.67485,47.60622,1108 12.67445,47.60647,1115 12.67306,47.6063,1130 12.6723,47.60652,1141 12.67158,47.60643,1149 12.66949,47.60685,1174 12.66884,47.60701,1179 12.66727,47.607,1195 12.66652,47.60673,1209 12.66543,47.60677,1221 12.66456,47.60809,1243 12.66433,47.60835,1247 12.66445,47.60891,1251 12.66493,47.60929,1254 12.66515,47.61004,1261 12.66466,47.61038,1268 12.664,47.61059,1275 12.66373,47.61166,1286 12.66293,47.61201,1292 12.6615,47.61107,1314 12.6599,47.61018,1332 12.65867,47.6093,1343 12.65766,47.60814,1350 12.65736,47.6074,1354 12.65615,47.60732,1355 12.65619,47.60753,1355 12.65661,47.60771,1353 12.65717,47.60874,1345 12.65837,47.60963,1336 12.65876,47.61101,1311 12.65882,47.61131,1307 12.65908,47.61165,1302 12.6598,47.61206,1298 12.66043,47.61284,1292 12.66098,47.61297,1287 12.66104,47.61284,1285 12.66202,47.61288,1279 12.66207,47.61276,1277 12.66328,47.61306,1273 12.66301,47.61272,1271 12.66415,47.61292,1259 12.66444,47.61259,1251 12.66512,47.6126,1243 12.6651,47.61269,1242 12.66542,47.61256,1235 12.66535,47.61269,1233 12.6657,47.6125,1229 12.66579,47.61264,1226 12.66589,47.61249,1224 12.66587,47.61266,1221 12.6661,47.61247,1213 12.66617,47.61257,1211 12.66607,47.61184,1199 12.66671,47.61133,1181 12.66679,47.61075,1168 12.66635,47.60979,1160 12.66631,47.60885,1151 12.66659,47.60829,1148 12.66717,47.60787,1143 12.6678,47.608,1139 12.66968,47.60757,1135 12.67074,47.60733,1135 12.6717,47.60678,1131 12.67196,47.60684,1129 12.67352,47.60649,1119 12.67441,47.60665,1113 12.67489,47.60641,1108 12.67559,47.60537,1092 12.67591,47.60521,1086 12.67715,47.60529,1076 12.67727,47.60475,1071 12.678,47.60479,1067 12.67938,47.60531,1052 12.6805,47.60473,1036 12.68055,47.60439,1032 12.68086,47.60449,1027 12.68144,47.60426,1020 12.68313,47.60421,998 12.68458,47.60369,973 12.68497,47.60387,967 12.68531,47.60362,960 12.68581,47.60362,955 12.68652,47.60324,935 12.68805,47.60306,909 12.68879,47.6027,901 12.68909,47.60272,900 12.68937,47.60398,897 12.68897,47.60481,889 12.68943,47.60498,884 12.6899,47.60481,881 12.69,47.60439,878 12.69018,47.60453,876 12.69054,47.6045,875 12.69156,47.60503,869 12.69277,47.60458,859 12.69302,47.60505,853 12.69182,47.6056,843 12.69098,47.60542,839 12.69063,47.60554,836 12.69205,47.60633,802 12.69345,47.60644,786 12.6915,47.60671,774 12.6915,47.60672,774 12.69166,47.6069,771 12.69361,47.6072,739 12.6944,47.60737,728 12.69531,47.6072,719 12.69585,47.60694,711 12.69686,47.60566,707 12.69753,47.60486,695 12.69751,47.60343,683 12.69749,47.60316,683 12.69788,47.60173,680 12.69789,47.60171,680 12.69841,47.603,660 12.69889,47.60346,652 12.69906,47.60334,648 12.69974,47.60367,639 12.70028,47.60367,632 12.70089,47.60413,620 12.70159,47.60434,614 12.70222,47.60394,608 12.70224,47.60307,607 12.70194,47.60216,612 12.70277,47.6018,611 12.70298,47.60113,607 12.70254,47.59969,607 12.70215,47.59855,612 12.7012,47.5977,613 12.70064,47.59757,614 12.69895,47.59664,620 12.69818,47.59531,621 12.69767,47.5944,624 12.69729,47.59402,623 12.69713,47.59345,624 12.69593,47.5923,621 12.695,47.59131,628 12.69512,47.59016,624 12.69565,47.58996,621 12.69583,47.58937,619 12.69503,47.58885,619 12.69487,47.58828,622 12.69648,47.58737,625 12.6965,47.58736,625 12.69715,47.58717,625 12.69644,47.58688,626 12.69617,47.58655,626 12.69552,47.58688,626 12.695,47.58645,627 12.69485,47.5865,627 12.6947,47.58609,627 12.69384,47.58637,627 12.69359,47.58581,626 12.69324,47.58576,625 12.69347,47.58515,624 12.69381,47.58444,623 12.69469,47.58404,623 12.69465,47.58353,622 12.69527,47.58353,623 12.69569,47.58324,623 12.6963,47.58319,623 12.69745,47.58278,624 12.69788,47.5824,624 12.69821,47.58099,627 12.69826,47.5809,627 12.69897,47.58078,628 12.69909,47.57927,627 12.69909,47.57908,626 12.699,47.57763,628 12.69892,47.57657,629 12.69914,47.5757,628 12.69999,47.5744,629 12.70057,47.57379,631 12.70141,47.57244,630 12.70225,47.57112,628 12.70315,47.56976,629 12.70404,47.56859,629 12.70449,47.56767,630 12.70553,47.5665,633 12.70585,47.56593,634 12.70683,47.56553,636 12.70899,47.56512,636 12.70982,47.56491,635 12.71165,47.56425,636 12.71283,47.5635,637 12.71354,47.56339,638 12.71429,47.5621,641 12.71483,47.56148,640 12.71641,47.56049,652 12.71708,47.56009,653 12.71815,47.5588,650 12.7192,47.55778,658 12.72087,47.55692,643 12.72258,47.55606,643 12.72394,47.55531,646 12.72307,47.55393,653 12.72306,47.55391,654 12.72261,47.55256,655 12.72213,47.55165,661 12.72192,47.55062,662 12.72123,47.54951,656 12.72098,47.54863,652 12.72014,47.5474,663 12.71943,47.54611,664 12.71906,47.54529,668 12.71932,47.54463,666 12.71916,47.54375,661 12.71925,47.54238,664 12.71931,47.5414,669 12.71912,47.54005,674 12.71896,47.53905,675 12.7197,47.5377,675 12.72006,47.53677,675 12.71925,47.53549,679 12.71908,47.53521,679 12.71906,47.53442,680 12.71844,47.53355,683 12.71807,47.5322,686 12.71764,47.53091,693 12.71662,47.52974,690 12.7159,47.52903,688 12.71475,47.5279,694 12.71395,47.52726,697 12.71385,47.527,698 12.71425,47.52637,698 12.71312,47.52523,702 12.71243,47.52454,705 12.71082,47.52373,711 12.71017,47.52329,715 12.70889,47.52289,723 12.70755,47.52222,729 12.70697,47.5217,731 12.70693,47.52085,737 12.70653,47.52041,739 12.70522,47.52011,739 12.70501,47.5202,739 12.70514,47.52026,739 12.705,47.52017,739 12.70528,47.51996,739 12.70672,47.52053,738 12.70699,47.52101,736 12.70697,47.5217,731 12.70786,47.52261,722 12.70974,47.52322,714 12.70994,47.52328,712 12.71139,47.52421,705 12.71202,47.52448,703 12.71335,47.52563,697 12.7141,47.52635,696 12.71417,47.52652,698 12.7137,47.52714,698 12.71488,47.52828,696 12.716,47.52944,694 12.71669,47.53017,696 12.71752,47.53074,694 12.71788,47.5314,690 12.71814,47.53261,685 12.71887,47.53387,679 12.7197,47.53503,675 12.71985,47.53554,674 12.7202,47.53586,673 12.72103,47.53627,671 12.72109,47.53647,670 12.72148,47.53641,670 12.72223,47.53579,669 12.72427,47.53619,663 12.7248,47.5363,662 12.7263,47.53704,661 12.72793,47.53732,660 12.72851,47.53792,665 12.7281,47.5382,667 12.72812,47.53904,667 12.72717,47.54029,670 12.72633,47.54147,670 12.72468,47.54235,664 12.72334,47.54315,668 12.72267,47.54422,675 12.72273,47.54458,678 12.72342,47.54542,672 12.72355,47.5461,667 12.72436,47.54682,663 12.72486,47.54776,654 12.72463,47.54824,658 12.72534,47.54931,670 12.72584,47.54985,667 12.72628,47.55005,665 12.72651,47.55063,663 12.72647,47.5513,663 12.72822,47.55192,665 12.72824,47.55192,665 12.72903,47.55262,664 12.72897,47.55284,663 12.72689,47.55261,659 12.72575,47.5525,654 12.72545,47.55233,654 12.7251,47.55251,653 12.72602,47.55334,653 12.72573,47.55452,651 12.72563,47.55444,650 12.72479,47.55507,647 12.72306,47.55593,643 12.72134,47.55678,641 12.71966,47.55764,652 12.71934,47.55783,651 12.72038,47.55865,644 12.7206,47.55908,643 12.72097,47.55899,644 12.72106,47.55913,644 12.71978,47.5599,645 12.71916,47.55994,646 12.71751,47.56079,647 12.71703,47.56075,647 12.71564,47.56113,641 12.7145,47.56223,637 12.71431,47.56248,637 12.71368,47.56367,635 12.71567,47.56391,638 12.71673,47.56398,646 12.71772,47.56426,647 12.7193,47.56524,637 12.72016,47.56592,638 12.71967,47.56739,639 12.71964,47.56751,638 12.71893,47.56861,635 12.71753,47.56935,630 12.7166,47.57007,631 12.71588,47.57117,634 12.71483,47.57174,633 12.71403,47.57298,635 12.71382,47.57315,635 12.71186,47.57373,635 12.71113,47.57399,636 12.70968,47.57517,634 12.70905,47.57573,634 12.70824,47.577,637 12.70706,47.57817,636 12.70605,47.57933,631 12.70577,47.57968,631 12.70547,47.58105,630 12.70528,47.58175,630 12.70438,47.58247,629 12.70389,47.58321,626 12.70292,47.58291,624 12.70162,47.58326,622 12.70261,47.5845,625 12.70265,47.58455,625 12.70079,47.58506,627 12.7006,47.5851,627 12.69913,47.58526,626 12.69879,47.58514,626 12.69888,47.58528,626 12.69814,47.58567,627 12.69789,47.58578,628 12.69765,47.58559,628 12.69732,47.58568,628 12.69666,47.58615,628 12.6953,47.58671,626</coordinates></LineString></Placemark>
<Placemark><name>A sólé útja – 400 éves sóvezeték Traunsteinig (43.9 km, 874 m)</name><description><![CDATA[<b>A sólé útja – 400 éves sóvezeték Traunsteinig</b> – GENERÁLT NYOMVONAL<br/>Kreatív történelmi túra a 1619-ben épült sóvezeték (Soleleitung) nyomvonalán: a reichenhalli Alte Salinétól a Nesselgraben és az Antoniberg mentén, a Mauthäuslon át a Himmelsleiter lépcsőjéig (rövid tolás/kerülő), majd Inzellen és Siegsdorfon át Traunsteinig, a sólé egykori céljáig. Haza vonattal.<br/><br/>Táv: 43.9 km · Szint: 874 m · Max: 958 m · Idő: ~3.7 ó<br/>Nehézség: közepes · Értékelés: ★★★★★<br/>Burkolat: aszfalt 48.1%, kemény murva 48.0%, laza/erdei 1.7%, ösvény 2.2%<br/>Indulás: Közvetlenül a szálloda elől indul | Vonattal: Traunstein (~60 perc Bad Reichenhall Hbf-ről)<br/>Október: A Himmelsleiter lépcsős – a track a mellette futó úton kerüli meg, de a lépcső tetején érdemes megállni. Bajor regionális vonaton (BLB, S-Bahn, RB) kerékpár-napijegy kell (DB Fahrradtageskarte Bayern); a hely korlátozott, hétvégén zsúfolt lehet.]]></description><styleUrl>#kozepes</styleUrl><LineString><tessellate>1</tessellate><coordinates>12.88384,47.7269,478 12.88437,47.72662,478 12.88435,47.72641,479 12.88387,47.72612,481 12.8838,47.72566,482 12.88319,47.725,481 12.88225,47.72454,476 12.88132,47.72493,474 12.88082,47.72441,472 12.88023,47.72441,470 12.87903,47.72332,472 12.87791,47.7224,474 12.87719,47.72264,475 12.87621,47.72143,474 12.8759,47.72098,474 12.87426,47.72149,472 12.87428,47.72178,472 12.87307,47.72199,472 12.87187,47.72278,472 12.87134,47.72367,470 12.87172,47.72366,471 12.87244,47.72322,471 12.87216,47.72343,471 12.87231,47.72353,471 12.87173,47.7239,470 12.87129,47.72367,470 12.87138,47.72311,470 12.8711,47.72263,470 12.87044,47.72276,469 12.86841,47.72278,469 12.8673,47.72272,469 12.86524,47.72243,470 12.86418,47.72226,470 12.86226,47.72164,467 12.86217,47.72162,467 12.86177,47.72193,466 12.85978,47.72226,465 12.85977,47.72226,465 12.85903,47.72262,464 12.85799,47.72394,466 12.85721,47.72503,467 12.85612,47.72608,466 12.85588,47.72682,465 12.85472,47.72702,467 12.85337,47.72807,474 12.85249,47.72859,477 12.85156,47.72867,482 12.85065,47.72856,488 12.84985,47.72785,498 12.84892,47.72757,505 12.84824,47.72696,508 12.8473,47.72686,510 12.84639,47.72633,512 12.84438,47.72634,532 12.8437,47.72634,542 12.84315,47.72503,551 12.84297,47.72449,552 12.84214,47.72373,556 12.84059,47.72302,566 12.839,47.72265,576 12.83689,47.72247,587 12.83615,47.7224,589 12.83404,47.7224,578 12.83204,47.72223,562 12.83055,47.72221,556 12.82919,47.72175,552 12.82808,47.72165,550 12.82624,47.7211,547 12.8254,47.72082,545 12.82455,47.72071,541 12.82285,47.71986,541 12.82164,47.71935,543 12.82067,47.71877,543 12.8202,47.71801,541 12.81962,47.7175,538 12.81844,47.71679,539 12.81844,47.71646,540 12.81894,47.71605,542 12.81717,47.71539,553 12.81706,47.71533,554 12.81593,47.71434,564 12.81441,47.71335,574 12.81408,47.71311,578 12.81286,47.71253,590 12.81138,47.71153,604 12.81002,47.71071,618 12.80958,47.70969,622 12.80858,47.70855,641 12.80845,47.70775,648 12.81008,47.70699,632 12.81022,47.70691,632 12.8104,47.70651,632 12.80969,47.70589,629 12.80818,47.70525,626 12.80652,47.70553,641 12.80683,47.70562,645 12.80756,47.70634,659 12.80612,47.70606,669 12.80451,47.70523,659 12.80419,47.70509,657 12.80281,47.70519,653 12.80119,47.70505,643 12.79998,47.70532,640 12.79954,47.70589,634 12.79773,47.70679,636 12.79711,47.7071,640 12.79616,47.70778,642 12.79575,47.7083,639 12.79399,47.70909,632 12.7934,47.70943,632 12.79256,47.71073,642 12.7922,47.71128,637 12.79178,47.71161,636 12.79124,47.7117,636 12.7895,47.71158,642 12.78757,47.71199,634 12.78679,47.71198,637 12.78664,47.71238,637 12.7863,47.71245,636 12.78555,47.71173,630 12.78424,47.71173,627 12.7845,47.71151,625 12.78419,47.71151,622 12.78359,47.71174,619 12.78158,47.71196,608 12.78028,47.71235,604 12.77949,47.71297,604 12.77764,47.71322,607 12.77693,47.71354,609 12.77605,47.71487,607 12.77551,47.71548,606 12.77466,47.71611,606 12.77435,47.71593,606 12.77355,47.71632,606 12.77239,47.71757,608 12.77119,47.71852,612 12.76982,47.71916,612 12.76829,47.71944,613 12.7675,47.72007,616 12.76581,47.72098,619 12.76428,47.72187,626 12.76405,47.72201,626 12.76288,47.72311,628 12.7623,47.72376,629 12.76256,47.72404,629 12.76253,47.72435,630 12.76114,47.72529,632 12.76039,47.72569,631 12.76032,47.72581,631 12.76057,47.72584,631 12.76036,47.72689,636 12.75881,47.72777,639 12.75782,47.7286,642 12.75721,47.72883,645 12.75774,47.72886,647 12.7589,47.72848,660 12.75786,47.72922,673 12.75727,47.73017,690 12.75866,47.72971,709 12.75858,47.72993,711 12.75883,47.72989,712 12.75978,47.72939,714 12.75965,47.72908,714 12.75978,47.72939,714 12.75959,47.72956,714 12.75858,47.72993,719 12.75825,47.73042,724 12.75672,47.73134,734 12.75609,47.73167,734 12.75633,47.73223,734 12.7562,47.73325,742 12.75658,47.73426,746 12.7571,47.73496,740 12.75687,47.73576,738 12.75714,47.73702,735 12.75687,47.73817,731 12.75707,47.73873,732 12.75809,47.73965,733 12.758,47.74053,733 12.75694,47.74039,733 12.75576,47.74094,731 12.75374,47.74129,723 12.75335,47.74145,723 12.7529,47.74189,721 12.75185,47.74247,721 12.75097,47.74371,725 12.75059,47.7442,726 12.7502,47.74513,727 12.75028,47.74656,734 12.75029,47.7467,734 12.75,47.74774,730 12.75139,47.74874,715 12.75143,47.74881,715 12.75175,47.75016,712 12.75203,47.75159,711 12.75288,47.75193,710 12.75355,47.75242,714 12.75462,47.75262,715 12.75481,47.75327,720 12.75526,47.75381,722 12.75486,47.75526,713 12.75481,47.75566,707 12.75418,47.75599,702 12.75507,47.75729,704 12.75507,47.75729,704 12.75514,47.75784,703 12.75339,47.7586,700 12.75256,47.75897,699 12.7521,47.75935,699 12.75197,47.75972,699 12.75145,47.75994,698 12.7521,47.76075,698 12.75216,47.7614,698 12.75209,47.76223,696 12.75143,47.76236,696 12.75286,47.76334,695 12.75308,47.76353,695 12.75359,47.76465,693 12.75329,47.76565,693 12.75342,47.76707,693 12.75316,47.76741,692 12.75147,47.76817,693 12.75067,47.76856,694 12.7507,47.76972,693 12.74915,47.77071,692 12.74796,47.77133,693 12.74584,47.77133,689 12.74521,47.77126,689 12.74423,47.77253,691 12.74337,47.77383,692 12.74313,47.77409,692 12.74318,47.77388,692 12.74135,47.77329,691 12.74116,47.77322,691 12.73994,47.77249,688 12.73877,47.77287,687 12.73669,47.7727,685 12.73655,47.77271,685 12.73498,47.7731,685 12.734,47.77417,684 12.73242,47.77438,680 12.73168,47.77475,678 12.73097,47.77487,678 12.73028,47.77531,678 12.72974,47.77527,678 12.72863,47.77571,679 12.72753,47.77555,681 12.72607,47.77584,684 12.72478,47.77589,684 12.72419,47.7762,684 12.724,47.77632,684 12.72403,47.77778,684 12.72397,47.77883,688 12.72306,47.77965,698 12.7225,47.78096,711 12.72243,47.78118,713 12.72295,47.78232,716 12.72254,47.78261,715 12.72235,47.78303,713 12.72234,47.78353,709 12.72263,47.78409,702 12.72193,47.78484,688 12.72194,47.78506,685 12.72165,47.78506,684 12.72154,47.78643,672 12.72133,47.78724,668 12.72086,47.78794,667 12.72027,47.7884,666 12.71993,47.78802,665 12.7202,47.78732,665 12.71991,47.78692,667 12.71979,47.78599,681 12.72022,47.78528,692 12.71997,47.78516,696 12.72014,47.7843,708 12.71998,47.78375,718 12.71892,47.78293,735 12.71905,47.78252,739 12.71879,47.7822,740 12.7181,47.78314,745 12.71771,47.78334,747 12.71759,47.78384,751 12.71651,47.78425,757 12.71591,47.78514,765 12.71429,47.78568,778 12.71274,47.78559,789 12.71165,47.78652,793 12.71206,47.78521,814 12.71219,47.78488,818 12.71306,47.78429,825 12.71333,47.78317,840 12.71435,47.78198,849 12.71447,47.78184,849 12.71443,47.78154,851 12.71319,47.78226,860 12.71131,47.78309,869 12.7109,47.78327,869 12.71021,47.78342,869 12.7095,47.78325,869 12.7086,47.78261,870 12.70783,47.78276,871 12.70668,47.78328,869 12.7059,47.78335,868 12.70533,47.78318,872 12.70486,47.78257,874 12.70454,47.78249,874 12.70329,47.78357,861 12.70323,47.78367,861 12.70306,47.785,856 12.70294,47.786,855 12.70238,47.78697,855 12.70276,47.78736,856 12.7023,47.78797,853 12.70251,47.78851,852 12.70233,47.78873,851 12.70165,47.78896,850 12.70115,47.78898,852 12.70158,47.78877,857 12.70161,47.78855,861 12.70021,47.78775,885 12.70008,47.78711,891 12.70022,47.78607,911 12.69976,47.78544,924 12.69769,47.78521,955 12.69736,47.78518,957 12.6962,47.78545,956 12.69447,47.78561,946 12.69332,47.78536,932 12.69268,47.78562,926 12.69193,47.78551,924 12.69181,47.78568,925 12.69123,47.78528,925 12.6913,47.78512,925 12.69123,47.78528,925 12.69181,47.78568,922 12.69199,47.7863,917 12.69195,47.78661,914 12.69162,47.78686,913 12.69136,47.7883,892 12.69135,47.78837,891 12.69103,47.78859,885 12.69012,47.78867,882 12.68951,47.78848,879 12.68957,47.78926,878 12.68901,47.79041,880 12.68816,47.79073,887 12.68669,47.79088,892 12.6854,47.79064,897 12.68406,47.78985,911 12.68257,47.79002,916 12.68147,47.7912,914 12.68139,47.79127,913 12.68075,47.79149,911 12.67944,47.79163,910 12.67842,47.79227,908 12.67764,47.79244,907 12.677,47.79307,908 12.67584,47.79374,911 12.67609,47.79438,907 12.67665,47.79487,899 12.67706,47.79502,894 12.67799,47.79505,889 12.67792,47.79619,875 12.67848,47.79665,870 12.6788,47.79724,865 12.67847,47.79809,855 12.67917,47.79893,840 12.6786,47.79949,834 12.67762,47.8,825 12.67706,47.80016,820 12.67578,47.80089,807 12.67472,47.80113,806 12.67385,47.80117,806 12.67284,47.80066,803 12.67101,47.8006,792 12.67108,47.80102,789 12.67176,47.80207,774 12.67213,47.80352,756 12.67219,47.80397,750 12.67134,47.80522,725 12.67115,47.80539,723 12.66933,47.80593,709 12.66925,47.80596,709 12.669,47.80624,705 12.66802,47.80637,694 12.66777,47.80667,688 12.66701,47.80688,685 12.66611,47.80744,682 12.66402,47.80779,680 12.66322,47.80787,677 12.66118,47.80789,665 12.65934,47.808,661 12.65849,47.80764,656 12.65742,47.80802,651 12.65532,47.80788,640 12.65475,47.80789,638 12.6537,47.80845,637 12.65298,47.80846,634 12.65272,47.80884,629 12.6519,47.80925,621 12.6521,47.80968,617 12.65174,47.80996,615 12.65129,47.81131,614 12.65122,47.81179,614 12.6508,47.81175,614 12.6506,47.81188,614 12.64982,47.81319,614 12.64949,47.81375,615 12.64825,47.81484,618 12.64719,47.81576,617 12.64691,47.81647,615 12.64689,47.81787,607 12.64684,47.81849,606 12.64643,47.81988,606 12.64595,47.82132,606 12.64572,47.82208,605 12.64475,47.82194,605 12.64461,47.82232,604 12.64412,47.82217,604 12.64389,47.82238,603 12.64394,47.8233,603 12.64434,47.82366,603 12.64413,47.82403,604 12.64493,47.82529,601 12.64454,47.82571,600 12.64599,47.82648,602 12.64672,47.82756,605 12.64678,47.82844,602 12.64619,47.82972,599 12.64616,47.82983,599 12.64606,47.83125,599 12.64606,47.8321,599 12.64581,47.83289,600 12.64465,47.83408,597 12.64343,47.83536,596 12.64224,47.83659,599 12.64135,47.83756,598 12.63956,47.8382,594 12.63914,47.83837,594 12.6386,47.83981,592 12.63853,47.83995,592 12.63769,47.84128,590 12.63706,47.8424,589 12.63733,47.84376,591 12.63753,47.84421,591 12.63729,47.84495,591 12.63651,47.8448,591 12.63613,47.84492,593 12.63489,47.84461,598 12.63421,47.84484,599 12.63367,47.84523,598 12.63322,47.84587,597 12.6324,47.84646,599 12.63252,47.84789,601 12.63253,47.848,601 12.63238,47.84816,602 12.63149,47.84831,603 12.63177,47.84895,604 12.63139,47.84892,604 12.63015,47.84936,607 12.63088,47.85071,610 12.63092,47.85081,610 12.63105,47.85157,609 12.63075,47.85224,608 12.62959,47.853,606 12.63022,47.8535,605 12.63019,47.85381,605 12.63047,47.85392,605 12.63009,47.85425,606 12.62983,47.85485,608 12.62961,47.85628,606 12.62959,47.85633,606 12.62888,47.85733,605 12.62886,47.8588,605 12.62881,47.85931,605 12.62832,47.86034,605 12.62915,47.86061,606 12.62998,47.86116,610 12.63177,47.86175,621 12.63187,47.8618,621 12.63345,47.86283,620 12.6351,47.86369,616 12.6366,47.86469,609 12.6363,47.86522,609 12.63702,47.86561,609 12.63758,47.86695,603 12.63788,47.86764,599 12.63801,47.8678,599 12.63825,47.86775,598 12.63855,47.86791,597 12.6385,47.86854,596 12.63907,47.86936,596</coordinates></LineString></Placemark>
<Placemark><name>Vonattal Salzburgba, bringával haza (WOSSA 1 ihlette) (32.2 km, 318 m)</name><description><![CDATA[<b>Vonattal Salzburgba, bringával haza (WOSSA 1 ihlette)</b> – GENERÁLT NYOMVONAL<br/>Reggel S-Bahnnal Salzburgba, kávé a Salzach-parton, aztán a Salzach gátján Hellbrunnig, a Glasenbach-szurdok bejáratáig, majd a Leopoldskroner Moos lápréti útjain, Grödigen és Fürstenbrunnon át az Untersberg lábánál haza. Ajándék nap: egyirányú, majdnem végig lejt vagy sík.<br/><br/>Táv: 32.2 km · Szint: 318 m · Max: 656 m · Idő: ~2.0 ó<br/>Nehézség: könnyű · Értékelés: ★★★★☆<br/>Burkolat: aszfalt 84.8%, kemény murva 13.6%, laza/erdei 0.4%, ösvény 1.3%<br/>Indulás: Vonattal: Salzburg Hbf (~30 perc Bad Reichenhall Hbf-ről)<br/>Október: A WOSSA eredeti GPX-e (thomaskargl.at) nem volt letölthető ebből a környezetből – ez saját, hasonló szellemű nyomvonal. Osztrák (ÖBB/S-Bahn Salzburg) szakaszon külön Fahrrad-Tageskarte kell; a határon átnyúló járaton mindkét fél szabálya érvényes – vedd meg előre az appban.]]></description><styleUrl>#konnyu</styleUrl><LineString><tessellate>1</tessellate><coordinates>13.04504,47.8127,421 13.04449,47.8129,421 13.04371,47.81165,425 13.04308,47.81068,424 13.04167,47.80966,427 13.0414,47.8083,425 13.0413,47.80801,425 13.03928,47.80739,425 13.03793,47.80706,422 13.03847,47.80569,420 13.03888,47.80485,420 13.03956,47.80404,422 13.04112,47.80294,423 13.04225,47.80224,424 13.04416,47.80158,425 13.04466,47.80136,424 13.04429,47.8006,426 13.04441,47.80004,430 13.04623,47.79978,436 13.04663,47.79952,435 13.04674,47.79919,434 13.04747,47.79903,432 13.04843,47.79892,426 13.04891,47.79934,425 13.05095,47.79868,425 13.05269,47.79801,422 13.05369,47.79767,423 13.05413,47.7973,424 13.05589,47.79658,423 13.05771,47.79569,421 13.05822,47.79543,420 13.05982,47.79452,419 13.0614,47.7936,424 13.06303,47.79269,424 13.06469,47.79178,425 13.06625,47.79092,425 13.06708,47.79047,423 13.06855,47.7894,423 13.06979,47.78865,423 13.07115,47.78754,422 13.07255,47.78639,422 13.07383,47.78532,423 13.07446,47.78469,424 13.07523,47.78335,423 13.07533,47.78312,423 13.07547,47.78173,421 13.07545,47.78163,421 13.0769,47.78162,422 13.07667,47.78028,424 13.07651,47.77885,425 13.07636,47.77748,426 13.0762,47.77601,428 13.07605,47.77465,429 13.07585,47.77313,427 13.07574,47.77177,427 13.0757,47.77128,426 13.07572,47.77062,426 13.0761,47.77043,426 13.07615,47.77001,426 13.07594,47.77059,428 13.07636,47.77051,428 13.07662,47.77069,428 13.07455,47.77088,426 13.07357,47.7709,427 13.07423,47.77072,428 13.07408,47.76935,428 13.074,47.76857,427 13.07409,47.76707,431 13.07409,47.76707,431 13.07373,47.76705,432 13.07339,47.76632,434 13.07149,47.76568,433 13.07098,47.76558,433 13.07101,47.76547,433 13.07057,47.76549,433 13.06855,47.76483,432 13.06665,47.76425,428 13.0657,47.76395,429 13.06491,47.76365,430 13.06505,47.76319,430 13.06417,47.76312,430 13.06409,47.76335,430 13.06451,47.76348,430 13.0646,47.76376,430 13.06414,47.76517,432 13.06367,47.76667,430 13.06322,47.76807,431 13.06275,47.76954,428 13.06274,47.76959,428 13.06117,47.76948,427 13.05904,47.76967,428 13.05899,47.76968,428 13.05861,47.77038,431 13.05806,47.77046,432 13.05756,47.77033,432 13.05577,47.77072,433 13.05498,47.77156,434 13.05354,47.77152,435 13.05184,47.77241,433 13.05079,47.77294,432 13.04893,47.7725,430 13.04679,47.77262,430 13.04615,47.77266,430 13.04591,47.7728,430 13.04625,47.77417,432 13.04616,47.77421,432 13.04398,47.77418,432 13.04303,47.77448,432 13.04304,47.77418,432 13.04154,47.77419,433 13.04058,47.77442,434 13.04103,47.77489,435 13.04167,47.7762,432 13.04214,47.77726,431 13.04199,47.77865,432 13.04193,47.78007,432 13.04192,47.7802,432 13.04209,47.78077,432 13.0402,47.78087,433 13.04003,47.78228,433 13.03984,47.78261,433 13.03884,47.78379,434 13.03782,47.78494,437 13.03669,47.7862,436 13.03618,47.78679,435 13.03552,47.78798,434 13.03359,47.78728,434 13.03178,47.78665,433 13.02977,47.78596,431 13.02778,47.78527,430 13.02619,47.78471,430 13.02594,47.78474,430 13.02591,47.78489,430 13.02536,47.78346,432 13.02484,47.78211,433 13.02427,47.78065,432 13.02372,47.77926,433 13.02324,47.77801,432 13.02144,47.77868,430 13.02103,47.77883,430 13.02,47.7779,431 13.01917,47.77811,431 13.01781,47.77701,429 13.01774,47.77697,429 13.01867,47.77669,430 13.01853,47.77615,430 13.01652,47.77663,430 13.01456,47.7771,426 13.01418,47.77719,425 13.01347,47.7771,425 13.01252,47.7772,425 13.01069,47.778,428 13.00935,47.77864,429 13.00785,47.77761,429 13.00633,47.77653,429 13.00504,47.77551,430 13.00388,47.77422,430 13.00315,47.77327,430 13.00322,47.77274,430 13.00273,47.77266,430 13.00235,47.77209,429 13.00273,47.77162,429 13.00268,47.77139,430 13.00157,47.77058,431 13.00109,47.76924,432 13.00108,47.7692,432 13.00131,47.76901,432 13.00127,47.76873,432 13.0008,47.76816,432 13.00089,47.76744,431 13.00055,47.76618,430 13.00053,47.76507,432 13.00024,47.76508,432 13.00007,47.76367,433 12.99978,47.76244,433 12.99915,47.76105,435 12.99846,47.75975,434 12.99828,47.75944,434 12.99735,47.75811,434 12.99652,47.75682,436 12.99567,47.75549,439 12.99494,47.75443,437 12.99518,47.75428,437 12.99478,47.75363,439 12.99499,47.75328,441 12.9948,47.75275,442 12.99568,47.75164,441 12.99534,47.75146,441 12.99514,47.75091,442 12.9946,47.75063,442 12.99463,47.75003,443 12.99406,47.74875,444 12.99409,47.74865,444 12.99313,47.74844,445 12.99274,47.74789,446 12.99265,47.74712,449 12.99296,47.74689,450 12.99283,47.7462,450 12.99223,47.74483,452 12.99177,47.74339,458 12.99144,47.74204,472 12.99119,47.74157,483 12.9909,47.74135,491 12.98988,47.74111,512 12.98976,47.74046,526 12.98923,47.74,532 12.98763,47.73919,534 12.98763,47.73919,534 12.98625,47.73881,538 12.98455,47.73785,563 12.98446,47.73781,564 12.9835,47.73769,568 12.98209,47.73791,579 12.98155,47.73766,583 12.97945,47.73729,592 12.97895,47.73718,593 12.97812,47.73631,596 12.97752,47.73491,601 12.97601,47.73404,605 12.97585,47.73394,606 12.97388,47.73361,623 12.9735,47.73363,624 12.97302,47.73415,627 12.97159,47.73512,636 12.97132,47.73534,636 12.97134,47.73576,634 12.97207,47.73709,628 12.9719,47.73777,633 12.97154,47.73811,636 12.97057,47.73812,640 12.96878,47.73741,654 12.96785,47.73703,657 12.96669,47.73709,656 12.96609,47.73727,652 12.96556,47.73778,648 12.96456,47.73775,646 12.9632,47.73862,639 12.96143,47.73922,630 12.95955,47.73861,632 12.95929,47.73851,633 12.9581,47.73761,626 12.95711,47.73717,624 12.9551,47.73674,621 12.95433,47.73653,617 12.95311,47.73642,611 12.95168,47.73654,602 12.95067,47.73631,594 12.94994,47.73641,587 12.94894,47.7362,582 12.94841,47.73628,580 12.9481,47.73594,579 12.94682,47.73652,575 12.94566,47.73676,576 12.944,47.73754,581 12.94386,47.7376,581 12.94185,47.73743,580 12.94104,47.73744,580 12.94011,47.73701,577 12.93938,47.7369,573 12.93737,47.73732,554 12.93641,47.73769,551 12.93445,47.73724,545 12.93333,47.73623,547 12.93269,47.73606,546 12.93193,47.73642,544 12.93197,47.73696,542 12.93059,47.73794,538 12.92962,47.73854,538 12.92859,47.73815,540 12.92744,47.73722,550 12.92557,47.73675,555 12.92507,47.73662,555 12.92396,47.73598,551 12.9232,47.73589,550 12.92262,47.73461,559 12.92189,47.73328,570 12.92179,47.73276,570 12.92076,47.73199,564 12.9195,47.73162,553 12.91917,47.73023,546 12.91912,47.73001,546 12.91814,47.73013,546 12.91786,47.72982,547 12.91712,47.72991,548 12.91661,47.72944,546 12.91608,47.72812,536 12.91608,47.72812,536 12.91566,47.72803,535 12.9145,47.72697,533 12.91429,47.72683,533 12.91313,47.72634,533 12.91253,47.72693,531 12.9105,47.72659,527 12.90919,47.72625,527 12.90844,47.72626,526 12.90785,47.726,525 12.90787,47.72571,524 12.90718,47.72546,524 12.90738,47.72517,524 12.90697,47.72508,524 12.90724,47.72474,525 12.90596,47.72437,523 12.90456,47.72443,518 12.90411,47.72577,514 12.90389,47.72679,511 12.9026,47.72614,511 12.90149,47.72586,511 12.89995,47.72482,517 12.89955,47.72442,520 12.89838,47.72397,523 12.89642,47.72362,521 12.89439,47.72339,518 12.89316,47.72324,517 12.89104,47.7233,522 12.88979,47.72329,526 12.88832,47.72314,530 12.88725,47.72346,528 12.88686,47.72389,525 12.8864,47.72517,510 12.8856,47.72597,496 12.88522,47.72601,493 12.8841,47.72577,486 12.88385,47.72585,484 12.88387,47.72612,482 12.88439,47.72655,479 12.88384,47.7269,478</coordinates></LineString></Placemark>
<Placemark><name>Salzach-ártér–Abtsdorfer See–Laufen (46.7 km, 230 m)</name><description><![CDATA[<b>Salzach-ártér–Abtsdorfer See–Laufen</b> – GENERÁLT NYOMVONAL<br/>Szállodából a Saalach-menti kerékpárúton Freilassingig, a Saalach torkolatánál (Saalachspitz) rá a Salzach ártéri erdőire, Surheim felé a dombok közé, fürdés helyett kávé az Abtsdorfer See partján, majd Laufen óvárosa – a Salzach-hurokban a híddal Oberndorf felé. Haza vonattal Freilassingon át.<br/><br/>Táv: 46.7 km · Szint: 230 m · Max: 472 m · Idő: ~2.8 ó<br/>Nehézség: könnyű · Értékelés: ★★★★☆<br/>Burkolat: aszfalt 60.5%, kemény murva 37.3%, laza/erdei 0.0%, ösvény 2.3%<br/>Indulás: Közvetlenül a szálloda elől indul | Vonattal: Laufen (Obb) (~45 perc Bad Reichenhall Hbf-ről)<br/>Október: Az ártéri utak esős idő után sárosak, a Salzach áradásakor egyes szakaszok lezárva. Bajor regionális vonaton (BLB, S-Bahn, RB) kerékpár-napijegy kell (DB Fahrradtageskarte Bayern); a hely korlátozott, hétvégén zsúfolt lehet.]]></description><styleUrl>#konnyu</styleUrl><LineString><tessellate>1</tessellate><coordinates>12.88384,47.7269,472 12.88311,47.72749,471 12.88394,47.72772,471 12.88465,47.7287,469 12.88606,47.72973,468 12.88728,47.73071,466 12.8879,47.7317,465 12.88899,47.73286,463 12.8898,47.73392,464 12.8905,47.73518,463 12.89072,47.73556,462 12.89139,47.73623,461 12.88993,47.73717,462 12.8898,47.73724,462 12.8907,47.73798,461 12.88915,47.73896,460 12.88912,47.73899,460 12.89077,47.73974,459 12.8915,47.74003,459 12.89259,47.7408,460 12.89435,47.74174,460 12.89549,47.74227,459 12.89619,47.74363,458 12.89671,47.74455,459 12.89821,47.74558,458 12.90007,47.7463,458 12.90082,47.74653,458 12.89994,47.7476,458 12.90078,47.74854,460 12.90155,47.74823,455 12.90219,47.74862,453 12.90244,47.74919,454 12.90329,47.7499,457 12.90448,47.75045,455 12.90453,47.75088,456 12.90589,47.75197,455 12.90598,47.75204,454 12.9066,47.75269,453 12.9065,47.75281,453 12.90786,47.75393,453 12.90922,47.75506,452 12.91025,47.75592,452 12.90869,47.7569,451 12.90833,47.75711,451 12.90974,47.7582,451 12.91096,47.75919,452 12.91109,47.75968,451 12.91138,47.75982,451 12.91158,47.75971,451 12.91138,47.75982,451 12.91217,47.76025,451 12.91344,47.76132,451 12.91445,47.76214,450 12.91494,47.7629,449 12.91651,47.76378,450 12.91741,47.7637,452 12.91829,47.76384,459 12.91943,47.76314,458 12.92054,47.76362,455 12.92182,47.76474,456 12.92205,47.76498,457 12.9222,47.76559,459 12.92156,47.76652,458 12.92253,47.7675,453 12.9226,47.76762,452 12.92238,47.7677,452 12.92262,47.76806,451 12.92347,47.76864,449 12.92383,47.76948,449 12.92535,47.77049,449 12.92577,47.77079,448 12.92778,47.77124,444 12.92791,47.77132,444 12.92871,47.77267,444 12.92914,47.77344,443 12.93042,47.77468,445 12.93042,47.77468,445 12.93058,47.77507,446 12.93195,47.77609,451 12.93366,47.77682,450 12.93388,47.77689,449 12.9351,47.77715,446 12.93648,47.77789,447 12.93739,47.77926,451 12.93757,47.77955,450 12.93776,47.78032,449 12.93795,47.78179,445 12.93799,47.7821,444 12.93756,47.78303,445 12.93761,47.78395,445 12.93847,47.78522,443 12.93919,47.7865,446 12.93977,47.78726,446 12.94144,47.78822,445 12.94169,47.78832,446 12.94373,47.78855,452 12.9453,47.78962,451 12.94533,47.78964,451 12.94703,47.79032,444 12.94743,47.79078,441 12.94952,47.79079,434 12.94974,47.79081,434 12.95136,47.79181,432 12.95237,47.79243,433 12.95317,47.79187,433 12.95462,47.79283,430 12.95612,47.79374,427 12.9577,47.79471,427 12.9593,47.79568,428 12.96082,47.79661,425 12.96162,47.79715,426 12.96216,47.79728,428 12.9636,47.7983,430 12.9643,47.799,431 12.96582,47.79994,432 12.96592,47.80002,432 12.96653,47.80137,432 12.96663,47.80155,432 12.96757,47.80275,431 12.96864,47.80393,430 12.96977,47.80523,427 12.97081,47.8064,426 12.97098,47.8066,425 12.97203,47.80791,425 12.97297,47.80913,426 12.97399,47.81048,426 12.97421,47.81079,424 12.97441,47.81125,421 12.97335,47.81158,419 12.97435,47.81287,420 12.97521,47.81408,420 12.9762,47.81538,419 12.9771,47.81664,418 12.97792,47.81797,419 12.97847,47.81936,419 12.97851,47.81945,419 12.97952,47.82069,420 12.97963,47.82086,421 12.98038,47.82228,421 12.98116,47.82363,420 12.98196,47.82501,421 12.98197,47.82501,421 12.98014,47.82572,422 12.97832,47.82639,418 12.977,47.82689,419 12.97696,47.82724,421 12.97531,47.8279,424 12.97555,47.82847,424 12.97358,47.82901,424 12.97343,47.82905,424 12.97418,47.83039,424 12.97485,47.83172,423 12.97513,47.83265,424 12.97585,47.83314,425 12.97673,47.8345,423 12.97673,47.8345,423 12.97685,47.83495,422 12.97664,47.83493,422 12.97705,47.83627,421 12.9767,47.83632,421 12.97676,47.83642,421 12.97746,47.83635,421 12.97748,47.83619,421 12.97837,47.83605,420 12.97885,47.8358,419 12.97965,47.83581,418 12.98132,47.83516,418 12.98236,47.83574,417 12.98356,47.83509,416 12.98547,47.83458,415 12.98573,47.83448,415 12.98726,47.8335,418 12.98814,47.83295,418 12.98998,47.83348,418 12.99018,47.83352,418 12.9916,47.83433,416 12.99234,47.83518,413 12.99312,47.83523,412 12.99403,47.8358,413 12.99436,47.83619,413 12.99584,47.83513,410 12.99585,47.83513,410 12.99562,47.83538,411 12.99571,47.83552,412 12.99718,47.83655,413 12.99864,47.83767,413 13.0,47.83877,414 13.00022,47.83895,414 13.00154,47.84008,416 13.00238,47.8408,417 13.00342,47.84197,413 13.00397,47.84244,412 13.00456,47.84386,411 13.00465,47.84407,411 13.0049,47.84557,411 13.00506,47.84643,411 13.00641,47.84704,414 13.00821,47.84719,413 13.00774,47.84827,411 13.00649,47.84936,410 13.00517,47.85045,410 13.00517,47.85045,410 13.00437,47.85083,410 13.00388,47.85141,409 13.00337,47.85157,409 13.00337,47.85193,408 13.00299,47.8522,408 13.00295,47.8526,408 13.00299,47.8522,408 13.00337,47.85193,408 13.00337,47.85157,409 13.00388,47.85141,409 13.00432,47.85094,410 13.00418,47.85075,411 13.00511,47.84952,414 13.00524,47.84934,414 13.00597,47.84792,413 13.00641,47.84704,414 13.00821,47.84719,412 13.00899,47.84703,411 13.01021,47.84594,411 13.01154,47.84481,412 13.01167,47.84472,413 13.01017,47.84381,415 13.01014,47.84379,415 13.01089,47.84251,413 13.01119,47.84214,413 13.00929,47.84177,413 13.00856,47.8416,411 13.00727,47.8415,410 13.00642,47.84098,411 13.0048,47.84058,412 13.00531,47.83985,412 13.00435,47.83909,413 13.00336,47.83798,415 13.00243,47.83739,415 13.00334,47.83629,416 13.00337,47.83518,420 13.00428,47.83414,420 13.00515,47.83361,420 13.00494,47.83346,420 13.0028,47.83326,419 13.00262,47.83318,419 13.0015,47.83356,418 13.0008,47.83269,418 12.99939,47.83353,417 12.99868,47.83343,417 12.99753,47.83442,414 12.99678,47.83482,413 12.99563,47.83504,411 12.99423,47.83601,412 12.99406,47.8359,412 12.99449,47.83576,413 12.99608,47.83673,413 12.99693,47.83726,414 12.99713,47.83874,419 12.99711,47.83887,419 12.99901,47.8391,415 13.00035,47.84024,414 13.00152,47.84134,414 13.00173,47.84141,414 13.00266,47.84263,412 13.00279,47.84281,412 13.00311,47.84405,412 13.00347,47.84461,413 13.00366,47.84608,414 13.00367,47.84633,414 13.00214,47.84729,419 13.00177,47.84749,419 13.00253,47.84817,416 13.00338,47.84856,413 13.00326,47.84911,411 13.0027,47.85053,412 13.00196,47.85193,411 13.00179,47.85225,411 13.00088,47.85362,412 12.99986,47.85495,410 12.99978,47.85504,410 12.99872,47.85618,411 12.99758,47.85736,410 12.99646,47.85853,409 12.99521,47.85978,412 12.99404,47.86106,410 12.9929,47.86231,409 12.9917,47.8635,411 12.99059,47.86476,412 12.98944,47.86606,411 12.98835,47.86728,411 12.98724,47.86851,413 12.987,47.86869,414 12.98645,47.86862,414 12.98545,47.86984,413 12.98488,47.87054,411 12.98412,47.87046,410 12.9833,47.87089,410 12.9824,47.87163,411 12.98036,47.87204,407 12.98018,47.87208,407 12.97919,47.87253,407 12.97708,47.87289,403 12.97578,47.87311,402 12.97542,47.87371,403 12.97411,47.87346,405 12.97336,47.87347,404 12.97256,47.87316,404 12.97206,47.8746,405 12.97202,47.87466,405 12.9708,47.87575,403 12.97074,47.8758,403 12.97022,47.87683,403 12.96814,47.87654,405 12.96698,47.87632,409 12.96563,47.8766,413 12.96511,47.87777,414 12.9632,47.87844,409 12.96258,47.87862,407 12.96256,47.87916,406 12.96058,47.87944,407 12.96053,47.87946,407 12.95938,47.87896,407 12.95849,47.87804,408 12.95723,47.87763,410 12.9561,47.87795,411 12.95502,47.87848,411 12.9545,47.87982,415 12.95438,47.88004,415 12.95247,47.87934,412 12.95099,47.87867,414 12.95046,47.87884,415 12.94928,47.8794,418 12.94844,47.88066,418 12.94843,47.88066,418 12.94785,47.88198,419 12.94754,47.88268,420 12.94719,47.88405,421 12.94719,47.88405,421 12.94505,47.88412,425 12.94485,47.88413,425 12.94276,47.88443,427 12.94066,47.88467,432 12.93883,47.88496,437 12.93685,47.88539,442 12.93476,47.88569,441 12.93269,47.88612,447 12.93118,47.88643,451 12.92927,47.887,460 12.92865,47.8872,461 12.92889,47.88764,464 12.92861,47.88887,466 12.928,47.88961,467 12.92791,47.89007,467 12.92606,47.89034,468 12.92636,47.89176,462 12.92667,47.89319,457 12.92692,47.8944,457 12.92656,47.89559,458 12.92468,47.89617,459 12.9235,47.89651,461 12.92226,47.89705,463 12.92132,47.89763,463 12.92013,47.89878,460 12.92004,47.89883,460 12.9181,47.89949,460 12.91806,47.8995,460 12.91737,47.89955,460 12.91672,47.9009,457 12.91545,47.9021,452 12.91531,47.90226,450 12.91505,47.90311,446 12.91437,47.90404,440 12.91405,47.90421,439 12.91199,47.90445,431 12.91143,47.90451,430 12.91027,47.90336,427 12.90963,47.90293,427 12.90753,47.90329,428 12.90665,47.90345,430 12.9061,47.90372,432 12.90469,47.90473,442 12.90386,47.90605,447 12.90374,47.90623,446 12.90233,47.90731,440 12.9023,47.90734,440 12.90149,47.90833,436 12.90194,47.90862,436 12.90239,47.9087,436 12.90238,47.90892,436 12.90256,47.90894,435 12.90238,47.90892,435 12.90246,47.90826,435 12.90164,47.90813,435 12.90092,47.90945,441 12.90064,47.90993,441 12.89954,47.91105,433 12.89921,47.91137,431 12.89752,47.91223,429 12.89588,47.91315,430 12.89544,47.91344,430 12.89573,47.91366,430 12.89533,47.91506,432 12.89526,47.91563,431 12.89697,47.9164,430 12.89882,47.91718,430 12.89911,47.9173,430 12.90044,47.91816,431 12.90049,47.91848,432 12.90247,47.91799,443 12.90292,47.91785,447 12.90428,47.91813,461 12.90555,47.91859,465 12.90777,47.91876,458 12.91002,47.91886,456 12.91084,47.91892,457 12.9114,47.92038,454 12.91163,47.92078,453 12.91198,47.92075,453 12.91278,47.92159,452 12.91432,47.92106,446 12.91637,47.92108,439 12.91655,47.92105,439 12.91704,47.92084,441 12.91801,47.91995,450 12.91959,47.91975,455 12.92088,47.92092,453 12.92184,47.92194,450 12.92253,47.9233,441 12.92316,47.92449,437 12.92418,47.92566,435 12.92518,47.92687,437 12.92577,47.92773,439 12.92587,47.9287,436 12.92619,47.92913,434 12.92679,47.92956,434 12.92707,47.93,434 12.92797,47.92983,433 12.92868,47.93108,431 12.92941,47.9309,429 12.92968,47.93203,427 12.93042,47.93308,424 12.92961,47.93331,423 12.92997,47.93351,422 12.93024,47.93396,422 12.92878,47.93408,422 12.92891,47.93503,421 12.92983,47.93631,416 12.93015,47.93685,413 12.93006,47.9378,408 12.9313,47.93804,405 12.93139,47.93762,405 12.93028,47.93753,408 12.93015,47.93685,412 12.92801,47.93691,417 12.92769,47.93692,418 12.92632,47.93584,421 12.92505,47.93479,427 12.92463,47.93432,430 12.92405,47.93436,433 12.92303,47.93507,438 12.92263,47.93499,438 12.92227,47.93462,439</coordinates></LineString></Placemark>
<Placemark><name>Waginger See és Tachinger See (102.9 km, 736 m)</name><description><![CDATA[<b>Waginger See és Tachinger See</b> – GENERÁLT NYOMVONAL<br/>Hosszú, de lankás egész napos: Teisendorfon át a Rupertiwinkel dombjain a Bajorország legmelegebb fürdőtavaként ismert Waginger See-hez, megkerülöd a Tachinger See-t, majd Laufenen és a Salzach-ártéren át térsz vissza Freilassing felé. Ha elfáradsz, Laufenből vagy Freilassingból vonattal is hazajöhetsz.<br/><br/>Táv: 102.9 km · Szint: 736 m · Max: 591 m · Idő: ~6.4 ó<br/>Nehézség: nehéz · Értékelés: ★★★☆☆<br/>Burkolat: aszfalt 50.3%, kemény murva 49.1%, laza/erdei 0.1%, ösvény 0.5%<br/>Indulás: Közvetlenül a szálloda elől indul | Autóval ~20 perc: Teisendorf, P5 (Zentrum) | Vonattal: Laufen (Obb) (~45 perc Bad Reichenhall Hbf-ről)<br/>Október: Hosszú, nyílt szakaszok – októberben erős szél lehet a tavak felől. Rövid nap: Laufenben 15:30 után inkább szállj vonatra.]]></description><styleUrl>#nehez</styleUrl><LineString><tessellate>1</tessellate><coordinates>12.88384,47.7269,472 12.88311,47.72749,471 12.88394,47.72772,471 12.88465,47.7287,469 12.88606,47.72973,468 12.88728,47.73071,466 12.8879,47.7317,465 12.88899,47.73286,463 12.8898,47.73392,464 12.8905,47.73518,463 12.89072,47.73556,462 12.89139,47.73623,461 12.88993,47.73717,462 12.8898,47.73724,462 12.8907,47.73798,461 12.88915,47.73896,460 12.88912,47.73899,460 12.89077,47.73974,459 12.8915,47.74003,459 12.89259,47.7408,460 12.89435,47.74174,460 12.89549,47.74227,459 12.89619,47.74363,458 12.89671,47.74455,459 12.89821,47.74558,458 12.90007,47.7463,458 12.90082,47.74653,458 12.89994,47.7476,458 12.90078,47.74854,460 12.90143,47.7482,456 12.90219,47.74862,453 12.9027,47.74944,456 12.90373,47.75021,456 12.90448,47.75045,455 12.90453,47.75088,456 12.90589,47.75197,455 12.90598,47.75204,454 12.9066,47.75269,453 12.9065,47.75281,453 12.90786,47.75393,453 12.90922,47.75506,452 12.91025,47.75592,452 12.90869,47.7569,451 12.90833,47.75711,451 12.90974,47.7582,451 12.91096,47.75919,452 12.91109,47.75968,451 12.91138,47.75982,451 12.91158,47.75971,451 12.91071,47.76005,451 12.91157,47.76068,451 12.91256,47.76198,450 12.91269,47.76218,450 12.91328,47.76362,450 12.91338,47.76388,450 12.91326,47.76427,450 12.91286,47.76456,450 12.91106,47.76519,449 12.91076,47.76527,449 12.9109,47.76555,450 12.91069,47.76696,451 12.91064,47.76729,451 12.9096,47.76774,452 12.90995,47.76824,454 12.90982,47.76836,454 12.90825,47.76834,455 12.908,47.76803,455 12.90719,47.76821,455 12.90647,47.76797,455 12.90597,47.76806,455 12.90564,47.76778,455 12.90528,47.76773,455 12.90321,47.76825,456 12.90108,47.76869,456 12.89905,47.76913,457 12.89799,47.76937,458 12.89705,47.76948,458 12.89553,47.77041,459 12.8941,47.77144,460 12.89391,47.77157,460 12.89224,47.7723,461 12.89142,47.77274,461 12.89002,47.77387,463 12.88895,47.7748,463 12.88819,47.77619,465 12.88779,47.77698,465 12.88697,47.77737,465 12.88581,47.77865,468 12.88562,47.77887,468 12.8838,47.77962,471 12.8819,47.78041,473 12.88011,47.78115,473 12.87964,47.78136,474 12.87803,47.78233,476 12.87769,47.7826,477 12.87698,47.78273,477 12.87608,47.78408,482 12.87528,47.78539,485 12.87508,47.78585,486 12.87416,47.78602,488 12.87314,47.78571,489 12.87345,47.78603,490 12.8723,47.78714,489 12.87229,47.78715,489 12.87215,47.78764,489 12.87096,47.78863,490 12.86992,47.78855,491 12.86968,47.78932,493 12.86835,47.79042,496 12.86833,47.79044,496 12.86771,47.79185,498 12.86735,47.79261,499 12.86598,47.79376,503 12.86474,47.79488,508 12.86345,47.79607,512 12.86339,47.79613,512 12.86275,47.79733,516 12.86163,47.79818,519 12.86119,47.79885,522 12.86016,47.7998,528 12.85886,47.80083,532 12.85882,47.80089,532 12.85748,47.80132,535 12.85842,47.80195,542 12.85782,47.80191,547 12.85698,47.80224,550 12.85668,47.80295,553 12.85556,47.8041,554 12.85547,47.80419,554 12.85446,47.80469,555 12.85305,47.80483,555 12.85197,47.80543,558 12.85045,47.80566,562 12.84902,47.8066,567 12.84775,47.80762,575 12.84642,47.80801,577 12.84555,47.80851,581 12.84408,47.80967,584 12.84286,47.8108,584 12.84249,47.811,585 12.84035,47.81137,591 12.83982,47.81146,591 12.84035,47.81288,587 12.84036,47.81329,585 12.84006,47.81438,574 12.83945,47.81508,569 12.83929,47.81556,566 12.8378,47.81658,556 12.83758,47.81676,555 12.83663,47.81797,559 12.83565,47.81895,558 12.83448,47.81958,552 12.83427,47.82097,538 12.83425,47.82121,536 12.83288,47.82192,536 12.83254,47.82329,536 12.83239,47.82382,536 12.83046,47.82425,542 12.82993,47.82439,541 12.82981,47.82524,535 12.82995,47.82569,530 12.83059,47.82711,520 12.83088,47.82774,518 12.83171,47.8291,516 12.83245,47.83016,520 12.83251,47.83055,521 12.83185,47.83136,524 12.83105,47.83174,524 12.83049,47.83268,514 12.83061,47.83355,514 12.83007,47.83376,516 12.82898,47.83479,519 12.82802,47.83609,519 12.82727,47.83681,520 12.827,47.83796,519 12.82763,47.8393,506 12.82766,47.83943,505 12.82716,47.83999,507 12.82708,47.84086,505 12.82641,47.84142,499 12.82648,47.84234,495 12.8273,47.84361,500 12.82733,47.84391,500 12.82692,47.84526,500 12.82688,47.84546,499 12.82642,47.846,499 12.82655,47.84618,498 12.82629,47.8466,496 12.82666,47.84654,494 12.82723,47.84612,490 12.8278,47.84623,487 12.82818,47.8465,485 12.82945,47.8463,485 12.83074,47.84669,485 12.83087,47.84732,485 12.83225,47.84731,488 12.83281,47.84793,491 12.83425,47.84746,498 12.83481,47.8484,501 12.835,47.84831,501 12.83525,47.84855,502 12.83426,47.84916,502 12.83357,47.84882,501 12.83198,47.84914,496 12.83155,47.84901,495 12.83069,47.84952,491 12.82949,47.84985,487 12.82746,47.85004,487 12.82534,47.85018,494 12.82527,47.85017,494 12.82531,47.85069,495 12.82356,47.85111,491 12.8238,47.85145,490 12.82222,47.85193,488 12.82072,47.85294,489 12.82067,47.85297,490 12.81932,47.85362,489 12.81859,47.85502,497 12.81857,47.85508,497 12.81834,47.85645,503 12.81836,47.85712,506 12.81624,47.85744,509 12.81548,47.85777,509 12.81435,47.85906,513 12.81431,47.85911,513 12.81343,47.86045,516 12.81299,47.86121,514 12.81232,47.86185,514 12.8115,47.86313,517 12.81102,47.86373,518 12.81055,47.86461,523 12.81055,47.86552,529 12.80877,47.86618,538 12.80834,47.86637,539 12.80686,47.86652,540 12.80711,47.86732,540 12.80509,47.86787,543 12.80454,47.86795,543 12.80408,47.86822,544 12.80403,47.8685,543 12.80472,47.86986,541 12.80543,47.87127,535 12.80601,47.87235,531 12.80554,47.873,530 12.80467,47.87344,528 12.80491,47.8747,528 12.80478,47.87604,526 12.80358,47.87669,513 12.80282,47.87686,507 12.80316,47.87736,505 12.80284,47.87774,507 12.80187,47.87785,516 12.8011,47.87842,530 12.80022,47.87869,537 12.7994,47.87919,539 12.79734,47.87918,535 12.79638,47.87886,535 12.79472,47.87948,544 12.7935,47.8803,543 12.79303,47.88156,537 12.79304,47.88213,536 12.79366,47.88334,534 12.79152,47.88375,534 12.78949,47.88406,538 12.78749,47.88396,538 12.78536,47.88382,538 12.78535,47.88382,538 12.78366,47.88386,543 12.78263,47.8842,546 12.78175,47.88514,549 12.78127,47.88533,550 12.77926,47.88547,553 12.77804,47.88552,554 12.77759,47.88687,553 12.77708,47.88822,550 12.77678,47.88918,550 12.77659,47.89059,547 12.77655,47.89099,547 12.77516,47.89106,548 12.77503,47.89229,543 12.77442,47.89363,541 12.77441,47.8937,541 12.77452,47.89451,545 12.77391,47.89579,547 12.77361,47.89627,547 12.77387,47.89661,547 12.77339,47.89669,547 12.77219,47.89789,548 12.77161,47.89861,548 12.7703,47.89972,547 12.76976,47.90011,547 12.76963,47.90147,544 12.76944,47.90251,537 12.76942,47.90392,517 12.76952,47.90451,510 12.76924,47.90529,506 12.76885,47.90546,506 12.76773,47.90555,511 12.76744,47.90546,513 12.7671,47.90558,516 12.76688,47.90636,532 12.76716,47.90691,535 12.76659,47.90775,536 12.76543,47.90892,538 12.76501,47.9093,539 12.76342,47.91003,541 12.76196,47.91099,540 12.76176,47.9111,539 12.76058,47.91114,538 12.75982,47.91186,536 12.75948,47.91198,536 12.75733,47.9121,540 12.75599,47.91219,543 12.75436,47.9127,544 12.75388,47.914,543 12.75349,47.915,539 12.75361,47.91641,536 12.7536,47.91687,534 12.75325,47.91812,528 12.75242,47.91953,519 12.75178,47.92045,511 12.75117,47.92102,507 12.74989,47.9218,502 12.74943,47.92246,497 12.74936,47.92305,492 12.74992,47.92435,480 12.74993,47.92463,478 12.74935,47.92453,477 12.74832,47.92508,475 12.74718,47.92631,474 12.74597,47.92746,471 12.74498,47.92851,469 12.74366,47.9295,468 12.74238,47.93008,467 12.74212,47.93117,466 12.74046,47.93144,467 12.73885,47.93214,466 12.73736,47.93243,464 12.73567,47.93249,466 12.73465,47.9328,466 12.73418,47.93314,466 12.73371,47.93315,466 12.73357,47.93276,466 12.73165,47.93225,466 12.73163,47.93225,466 12.73099,47.93264,465 12.73003,47.93254,464 12.72814,47.93206,466 12.72738,47.93146,467 12.72855,47.93128,466 12.7293,47.93185,465 12.72958,47.93241,465 12.73077,47.93265,464 12.73067,47.93341,463 12.7313,47.93476,461 12.7317,47.93534,461 12.73283,47.93573,462 12.73415,47.93565,463 12.73475,47.93647,465 12.73468,47.93683,466 12.73315,47.93785,473 12.73265,47.9386,474 12.73268,47.94004,477 12.73282,47.94147,473 12.7328,47.9417,473 12.7322,47.94309,474 12.73206,47.94354,471 12.73221,47.94491,461 12.73221,47.94494,460 12.73261,47.94573,459 12.73381,47.94698,459 12.73385,47.94702,459 12.73525,47.9476,458 12.73527,47.94773,458 12.73501,47.94918,460 12.73453,47.95059,450 12.73446,47.95078,450 12.73381,47.95223,449 12.73301,47.95355,450 12.73299,47.95359,450 12.73468,47.95409,446 12.73676,47.95435,444 12.73868,47.95451,443 12.74072,47.95441,443 12.74296,47.9542,443 12.74512,47.95401,442 12.7472,47.95381,441 12.74898,47.95369,442 12.75105,47.95386,445 12.75199,47.95397,448 12.75268,47.95425,454 12.75318,47.9549,459 12.75351,47.955,461 12.75366,47.95578,462 12.75273,47.95709,460 12.75213,47.95779,459 12.75164,47.95924,459 12.75105,47.96059,465 12.75091,47.96097,469 12.75087,47.96161,472 12.7494,47.96254,480 12.74893,47.96393,492 12.74887,47.96412,495 12.74913,47.9645,499 12.74914,47.96517,503 12.75064,47.96512,504 12.75089,47.96521,504 12.7512,47.96605,504 12.75183,47.96643,504 12.75329,47.96539,496 12.75379,47.96501,494 12.75434,47.96406,491 12.75582,47.96349,489 12.75708,47.96323,488 12.75883,47.96249,486 12.75916,47.96236,485 12.7604,47.96212,483 12.76085,47.96124,482 12.76265,47.96047,483 12.76317,47.96025,484 12.76379,47.96081,483 12.76497,47.96148,480 12.76633,47.96069,476 12.76746,47.95947,472 12.76782,47.95914,471 12.7689,47.95901,469 12.76973,47.95793,466 12.77141,47.95868,466 12.77165,47.95878,467 12.77221,47.95862,467 12.77285,47.9582,467 12.77295,47.95785,466 12.77393,47.95717,465 12.77489,47.95592,463 12.77496,47.95587,463 12.77629,47.95497,463 12.77801,47.95413,464 12.77818,47.95401,464 12.77876,47.95277,464 12.77897,47.95246,464 12.78047,47.95189,461 12.78112,47.95099,458 12.78167,47.95058,455 12.78333,47.94985,448 12.78422,47.94967,447 12.7859,47.94871,448 12.78627,47.94856,448 12.7872,47.94836,452 12.7892,47.9483,466 12.78938,47.94827,466 12.79116,47.94776,465 12.7915,47.9475,465 12.79115,47.94681,465 12.79136,47.94664,465 12.79126,47.94549,464 12.7916,47.94482,463 12.79262,47.94355,463 12.79315,47.94301,463 12.79457,47.94228,466 12.79572,47.94109,467 12.79603,47.9408,467 12.79764,47.9398,469 12.7977,47.93977,469 12.79902,47.93864,467 12.80041,47.93768,465 12.80222,47.93682,465 12.80239,47.93638,464 12.80423,47.93572,462 12.80506,47.93545,463 12.80559,47.93451,465 12.80616,47.93416,465 12.80619,47.93372,465 12.80663,47.93365,465 12.80788,47.93267,466 12.80872,47.93136,471 12.80892,47.93111,471 12.81056,47.93015,484 12.81084,47.92988,488 12.81135,47.92976,489 12.81249,47.92858,476 12.81264,47.92841,474 12.81452,47.92897,468 12.81453,47.92897,468 12.81513,47.92839,468 12.81613,47.92717,466 12.81618,47.92711,466 12.81647,47.92644,466 12.8163,47.92547,463 12.8167,47.92431,459 12.81804,47.92315,463 12.8188,47.92244,463 12.81772,47.92172,467 12.81686,47.92048,459 12.81498,47.91984,443 12.81363,47.91934,444 12.81362,47.91783,446 12.81356,47.9173,447 12.81315,47.91623,447 12.81183,47.91648,445 12.81099,47.91751,443 12.8105,47.9177,444 12.80843,47.91744,444 12.80718,47.91724,443 12.80522,47.91667,443 12.80438,47.91643,443 12.80227,47.91604,444 12.8015,47.91587,443 12.80041,47.91645,444 12.79865,47.91705,451 12.79812,47.91813,457 12.7976,47.91837,458 12.79557,47.91831,452 12.79466,47.91833,450 12.79418,47.91801,450 12.79422,47.91756,453 12.79294,47.91827,462 12.79162,47.91935,469 12.79015,47.92037,460 12.78953,47.92083,457 12.78848,47.92208,449 12.78788,47.92259,449 12.78849,47.92271,448 12.78858,47.92287,448 12.78849,47.92271,449 12.78812,47.92265,449 12.78743,47.92294,449 12.7886,47.92178,451 12.78885,47.92144,452 12.78849,47.92131,453 12.7884,47.92042,455 12.78889,47.91972,457 12.78993,47.91892,467 12.79025,47.9181,471 12.79016,47.91728,467 12.78981,47.91659,463 12.78988,47.91593,464 12.79069,47.91497,468 12.79218,47.91398,475 12.79249,47.91369,476 12.7944,47.91303,472 12.79491,47.91289,472 12.79616,47.91305,471 12.79678,47.91341,470 12.79776,47.91313,468 12.79958,47.91304,465 12.80037,47.91331,465 12.80228,47.91287,457 12.80404,47.91236,451 12.80582,47.91148,450 12.80607,47.91139,450 12.80664,47.91154,449 12.8073,47.91147,449 12.80811,47.91191,448 12.8097,47.91223,447 12.81106,47.9127,447 12.81256,47.91355,448 12.81286,47.914,448 12.81345,47.91437,447 12.81334,47.91475,447 12.81443,47.91532,448 12.81364,47.91595,448 12.81359,47.91652,448 12.81325,47.91656,448 12.81351,47.91802,445 12.81352,47.91872,445 12.81561,47.91826,445 12.81759,47.91785,446 12.81964,47.91743,444 12.81999,47.91736,444 12.82099,47.91739,445 12.82308,47.91799,447 12.82517,47.91841,446 12.82647,47.91877,446 12.8283,47.91947,448 12.8296,47.92002,455 12.83168,47.92058,453 12.83191,47.92062,452 12.83346,47.92148,446 12.83535,47.92199,441 12.83617,47.92261,440 12.83625,47.92292,441 12.83746,47.92308,444 12.83699,47.92413,452 12.83865,47.92466,455 12.83774,47.92587,454 12.83741,47.92642,454 12.83715,47.92793,454 12.83709,47.92834,453 12.8388,47.9292,453 12.83949,47.92962,454 12.83795,47.93055,454 12.83677,47.93135,455 12.83844,47.93222,458 12.84006,47.93307,457 12.84077,47.93342,454 12.84263,47.93397,447 12.84276,47.93404,446 12.84316,47.93451,446 12.84342,47.93568,443 12.84391,47.9362,442 12.84575,47.93702,439 12.84765,47.93784,438 12.84846,47.93818,438 12.84942,47.9384,439 12.84939,47.93887,440 12.85002,47.93874,440 12.85101,47.93997,437 12.85314,47.93993,436 12.85398,47.93992,437 12.85426,47.94131,437 12.85454,47.94267,438 12.85462,47.94326,437 12.85609,47.94314,434 12.85808,47.94348,433 12.86015,47.94375,430 12.86074,47.94383,430 12.86114,47.94435,430 12.86203,47.94501,430 12.86372,47.94599,431 12.86471,47.94642,431 12.86573,47.94761,430 12.86565,47.94792,430 12.86783,47.9478,432 12.86938,47.94777,437 12.87143,47.94784,443 12.87357,47.94783,440 12.87414,47.94786,441 12.87474,47.94867,447 12.87647,47.94961,451 12.87668,47.94969,450 12.87721,47.95043,446 12.87802,47.95092,438 12.87855,47.95094,436 12.87981,47.94994,438 12.88033,47.9499,439 12.88203,47.95034,431 12.88417,47.95034,421 12.88458,47.95034,419 12.88474,47.95112,419 12.88654,47.95072,425 12.88687,47.95088,426 12.88699,47.95122,426 12.88903,47.95127,427 12.89103,47.95144,430 12.89301,47.95209,429 12.89304,47.9521,429 12.89412,47.95213,431 12.89608,47.95249,431 12.89624,47.95253,431 12.89811,47.95206,431 12.89938,47.95169,430 12.89971,47.9522,429 12.9016,47.95165,426 12.90243,47.95297,419 12.90263,47.95319,419 12.90476,47.9533,422 12.90584,47.95332,426 12.90793,47.95362,434 12.90906,47.95375,438 12.9104,47.9535,439 12.91202,47.95262,433 12.91259,47.95226,428 12.91375,47.95202,418 12.91454,47.95263,413 12.91557,47.95221,412 12.9168,47.95344,406 12.91719,47.9538,406 12.91704,47.95405,405 12.9185,47.95358,399 12.91899,47.95331,397 12.91958,47.95258,395 12.91996,47.95134,396 12.91978,47.94989,395 12.91972,47.94963,394 12.91928,47.94822,396 12.91884,47.94681,400 12.91842,47.94538,403 12.91835,47.94501,403 12.91834,47.94362,402 12.91844,47.94245,401 12.919,47.94113,406 12.91913,47.94093,407 12.92026,47.93983,404 12.92201,47.93893,407 12.92266,47.93862,408 12.92465,47.93828,400 12.92595,47.93804,402 12.92727,47.93795,408 12.92738,47.93759,409 12.92843,47.93756,411 12.93036,47.93792,407 12.9313,47.93804,404 12.93138,47.93775,404 12.9313,47.93804,404 12.9329,47.93827,404 12.93371,47.93858,404 12.93313,47.93915,404 12.9346,47.93951,405 12.93545,47.93895,407 12.93602,47.93878,407 12.93602,47.93862,407 12.93714,47.93829,407 12.9374,47.93912,405 12.93723,47.93915,405 12.9377,47.93953,404 12.9377,47.93884,400 12.93807,47.9384,398 12.93835,47.93699,399 12.93841,47.93671,399 12.93801,47.93625,399 12.93859,47.93483,399 12.93876,47.93429,399 12.93889,47.93306,403 12.93929,47.9317,403 12.93932,47.93152,403 12.93959,47.93123,403 12.93955,47.93076,402 12.94006,47.93032,402 12.94067,47.92896,402 12.9412,47.92767,403 12.94147,47.92707,403 12.94224,47.92573,402 12.94263,47.92506,402 12.94365,47.92374,403 12.94408,47.92294,404 12.94448,47.92252,403 12.94519,47.92218,401 12.94608,47.92087,401 12.94691,47.91974,401 12.94792,47.91857,403 12.94895,47.91734,403 12.94993,47.91627,402 12.95128,47.91519,403 12.95258,47.91401,403 12.95288,47.91373,403 12.95432,47.91267,401 12.95484,47.9123,401 12.95494,47.91187,401 12.95622,47.91064,401 12.95703,47.90983,402 12.95753,47.90901,403 12.95773,47.90807,403 12.95876,47.90689,400 12.95935,47.90614,398 12.95961,47.90529,398 12.95921,47.90394,399 12.95915,47.90381,399 12.95825,47.90258,399 12.9579,47.90125,402 12.95798,47.89999,401 12.9583,47.8992,401 12.96037,47.8993,406 12.96256,47.89966,408 12.96472,47.90007,407 12.96566,47.90025,405 12.96662,47.89889,404 12.96742,47.89761,406 12.96825,47.89628,406 12.96909,47.89492,407 12.96999,47.8936,407 12.97078,47.89226,407 12.97163,47.89089,406 12.97249,47.88961,405 12.97328,47.88829,405 12.97406,47.88704,405 12.97493,47.88563,406 12.97576,47.88431,407 12.97658,47.883,406 12.97743,47.88173,407 12.97827,47.88048,408 12.97909,47.87907,407 12.97994,47.87772,407 12.98067,47.87673,408 12.98044,47.87655,409 12.98149,47.8752,411 12.98243,47.87381,413 12.98338,47.87262,410 12.98424,47.87133,413 12.9843,47.87124,413 12.98539,47.86991,413 12.98645,47.86862,414 12.987,47.86869,414 12.98724,47.86851,413 12.98835,47.86728,411 12.98944,47.86605,411 12.99048,47.86488,412 12.99154,47.86368,412 12.99257,47.8627,410 12.99076,47.86203,414 12.99072,47.86202,414 12.98884,47.8615,409 12.98685,47.86097,409 12.98585,47.8607,408 12.9848,47.85956,405 12.98441,47.85911,406 12.98347,47.85869,406 12.98356,47.85812,407 12.98231,47.85785,410 12.98137,47.8582,413 12.98186,47.85763,414 12.98142,47.85726,415 12.97951,47.85728,415 12.97814,47.85697,414 12.97727,47.85597,416 12.97672,47.85478,418 12.97688,47.85462,418 12.97652,47.85432,418 12.9763,47.85284,417 12.97647,47.85145,417 12.97662,47.85115,416 12.97763,47.8499,416 12.97869,47.84857,419 12.97913,47.84806,420 12.97917,47.84743,420 12.98077,47.84722,421 12.98052,47.84583,421 12.98022,47.84437,421 12.97995,47.84288,421 12.97963,47.84145,423 12.97961,47.84137,423 12.98013,47.84048,423 12.98051,47.84041,422 12.97997,47.83903,421 12.97946,47.83773,421 12.97919,47.83759,420 12.97935,47.83742,420 12.97889,47.83755,420 12.97818,47.83619,421 12.97817,47.83608,421 12.97687,47.83644,421 12.9767,47.83632,421 12.97705,47.83627,421 12.97664,47.83493,422 12.97685,47.83495,423 12.97673,47.8345,423 12.97587,47.83317,425 12.97585,47.83314,425 12.97513,47.83265,424 12.97485,47.83172,423 12.97414,47.83033,424 12.97343,47.82905,424 12.97541,47.8285,424 12.97555,47.82847,424 12.97531,47.8279,424 12.97696,47.82724,421 12.977,47.82689,420 12.97878,47.82627,419 12.9806,47.82554,422 12.98196,47.82501,421 12.98119,47.82369,420 12.98039,47.82228,421 12.97966,47.82092,420 12.97963,47.82086,420 12.97867,47.81966,419 12.97851,47.81945,419 12.97794,47.81801,419 12.97792,47.81797,419 12.9771,47.81664,417 12.97614,47.8153,419 12.97512,47.81394,420 12.97423,47.8127,419 12.97335,47.81158,419 12.97441,47.81125,421 12.97421,47.81079,424 12.97325,47.80949,426 12.97224,47.80817,426 12.97128,47.80696,425 12.97098,47.8066,425 12.96993,47.80542,427 12.96889,47.80423,429 12.9678,47.80301,431 12.96682,47.80179,432 12.96663,47.80155,432 12.96599,47.80016,432 12.96592,47.80002,432 12.9653,47.79962,431 12.96591,47.79929,431 12.96529,47.798,429 12.9652,47.79788,429 12.9671,47.79726,428 12.96845,47.79683,428 12.9688,47.79605,428 12.96777,47.79502,428 12.96717,47.79481,429 12.96682,47.79406,430 12.96537,47.79311,429 12.96486,47.7927,429 12.96549,47.79244,430 12.96394,47.79153,434 12.96386,47.79144,434 12.96427,47.7906,434 12.96421,47.79012,433 12.96375,47.78982,434 12.96417,47.78883,437 12.96456,47.78889,437 12.96549,47.78781,440 12.96504,47.78741,440 12.96365,47.78677,440 12.96177,47.78604,438 12.96021,47.78543,437 12.95971,47.78403,438 12.9595,47.78344,438 12.95801,47.78241,439 12.95737,47.78205,439 12.9564,47.7808,440 12.95579,47.78,440 12.95551,47.7792,440 12.95492,47.77879,440 12.95488,47.77821,441 12.95537,47.77749,442 12.95358,47.77678,444 12.95224,47.77615,459 12.95104,47.77504,472 12.94973,47.77401,469 12.94916,47.77354,472 12.9481,47.77235,485 12.9477,47.77205,490 12.94716,47.77189,492 12.94515,47.7719,494 12.94497,47.77187,493 12.94344,47.77129,486 12.94145,47.77086,488 12.93997,47.77039,490 12.9388,47.76953,481 12.93824,47.76815,481 12.93816,47.76791,482 12.9377,47.76735,484 12.93686,47.76683,481 12.93518,47.76651,471 12.93315,47.76631,467 12.93094,47.76609,462 12.93047,47.76606,460 12.92855,47.76527,451 12.92749,47.76474,451 12.92704,47.76485,451 12.92681,47.76542,452 12.92626,47.76532,452 12.92582,47.76499,453 12.9253,47.76518,453 12.92477,47.76504,453 12.92341,47.76393,449 12.92204,47.76283,454 12.92059,47.76166,454 12.91921,47.76057,455 12.91791,47.75949,458 12.91658,47.75841,458 12.91518,47.75722,460 12.91382,47.75608,461 12.91243,47.75497,460 12.91111,47.75393,460 12.91058,47.75352,460 12.91042,47.75263,459 12.90842,47.75219,463 12.90699,47.75107,463 12.90567,47.74992,462 12.90518,47.7499,462 12.9039,47.74883,460 12.90313,47.74834,457 12.90281,47.74792,456 12.90215,47.74775,457 12.90095,47.74695,459 12.90079,47.74668,459 12.90063,47.74686,458 12.90017,47.7468,458 12.89835,47.74599,459 12.89711,47.74559,462 12.8967,47.74525,462 12.89594,47.74499,462 12.89649,47.74448,461 12.89478,47.74362,461 12.89297,47.74271,461 12.89125,47.74186,460 12.88961,47.74105,463 12.88784,47.74018,466 12.88609,47.73932,468 12.88437,47.73846,471 12.88265,47.73761,467 12.88243,47.7375,466 12.88381,47.73638,461 12.88534,47.7354,463 12.88535,47.73539,463 12.88433,47.73475,464 12.88577,47.73398,463 12.88469,47.73305,464 12.88374,47.73185,466 12.88353,47.7316,467 12.88245,47.73071,468 12.88382,47.73008,470 12.88251,47.72898,469 12.88419,47.72812,470 12.88525,47.72746,473 12.88421,47.72671,475 12.88384,47.7269,476</coordinates></LineString></Placemark>
</Document></kml>